phase,job_id,version,rank,team,rival,seed,candidate_seat,candidate_sha256,candidate_reward,opponent_reward,margin,result,frames,candidate_status,opponent_status,error
screen,baseline:34000001:bbff:1,baseline,,,bbff,34000001,1,bbffbe65dee6e0dc4dd0147fec897df74e16760b76ec7d2a2b38f636bc90555f,134789.0,134789.0,0.0,draw,720,DONE,DONE,
screen,baseline:34000001:bbff:0,baseline,,,bbff,34000001,0,bbffbe65dee6e0dc4dd0147fec897df74e16760b76ec7d2a2b38f636bc90555f,134789.0,134789.0,0.0,draw,720,DONE,DONE,
screen,market:34000001:bbff:0,market,,,bbff,34000001,0,c4ad3e61abe882d36c9680815ccf0260e1aae20064b47833e85348f2382479f7,134792.0,134785.0,7.0,win,720,DONE,DONE,
screen,market:34000001:bbff:1,market,,,bbff,34000001,1,c4ad3e61abe882d36c9680815ccf0260e1aae20064b47833e85348f2382479f7,134792.0,134785.0,7.0,win,720,DONE,DONE,
screen,full:34000001:bbff:0,full,,,bbff,34000001,0,968766845d9d0a39f3180ed3715f51625bbdbfb6a349f4e380bdec45daa85f0c,134792.0,134785.0,7.0,win,720,DONE,DONE,
screen,full:34000001:bbff:1,full,,,bbff,34000001,1,968766845d9d0a39f3180ed3715f51625bbdbfb6a349f4e380bdec45daa85f0c,134792.0,134785.0,7.0,win,720,DONE,DONE,
screen,baseline:34000001:cb76:0,baseline,,,cb76,34000001,0,bbffbe65dee6e0dc4dd0147fec897df74e16760b76ec7d2a2b38f636bc90555f,135644.0,133916.0,1728.0,win,720,DONE,DONE,
screen,baseline:34000001:cb76:1,baseline,,,cb76,34000001,1,bbffbe65dee6e0dc4dd0147fec897df74e16760b76ec7d2a2b38f636bc90555f,135644.0,133916.0,1728.0,win,720,DONE,DONE,
screen,market:34000001:cb76:0,market,,,cb76,34000001,0,c4ad3e61abe882d36c9680815ccf0260e1aae20064b47833e85348f2382479f7,135640.0,133920.0,1720.0,win,720,DONE,DONE,
screen,full:34000001:cb76:0,full,,,cb76,34000001,0,968766845d9d0a39f3180ed3715f51625bbdbfb6a349f4e380bdec45daa85f0c,135640.0,133920.0,1720.0,win,720,DONE,DONE,
screen,baseline:34000001:v35:0,baseline,,,v35,34000001,0,bbffbe65dee6e0dc4dd0147fec897df74e16760b76ec7d2a2b38f636bc90555f,137749.0,129685.0,8064.0,win,720,DONE,DONE,
screen,market:34000001:cb76:1,market,,,cb76,34000001,1,c4ad3e61abe882d36c9680815ccf0260e1aae20064b47833e85348f2382479f7,135640.0,133920.0,1720.0,win,720,DONE,DONE,
screen,full:34000001:cb76:1,full,,,cb76,34000001,1,968766845d9d0a39f3180ed3715f51625bbdbfb6a349f4e380bdec45daa85f0c,135640.0,133920.0,1720.0,win,720,DONE,DONE,
screen,baseline:34000001:v35:1,baseline,,,v35,34000001,1,bbffbe65dee6e0dc4dd0147fec897df74e16760b76ec7d2a2b38f636bc90555f,137749.0,129685.0,8064.0,win,720,DONE,DONE,
screen,market:34000001:v35:0,market,,,v35,34000001,0,c4ad3e61abe882d36c9680815ccf0260e1aae20064b47833e85348f2382479f7,137749.0,129685.0,8064.0,win,720,DONE,DONE,
screen,full:34000001:v35:0,full,,,v35,34000001,0,968766845d9d0a39f3180ed3715f51625bbdbfb6a349f4e380bdec45daa85f0c,137749.0,129685.0,8064.0,win,720,DONE,DONE,
screen,market:34000001:v35:1,market,,,v35,34000001,1,c4ad3e61abe882d36c9680815ccf0260e1aae20064b47833e85348f2382479f7,137749.0,129685.0,8064.0,win,720,DONE,DONE,
screen,baseline:34000001:c95:0,baseline,,,c95,34000001,0,bbffbe65dee6e0dc4dd0147fec897df74e16760b76ec7d2a2b38f636bc90555f,124999.0,106979.0,18020.0,win,720,DONE,DONE,
screen,full:34000001:v35:1,full,,,v35,34000001,1,968766845d9d0a39f3180ed3715f51625bbdbfb6a349f4e380bdec45daa85f0c,137749.0,129685.0,8064.0,win,720,DONE,DONE,
screen,baseline:34000001:c95:1,baseline,,,c95,34000001,1,bbffbe65dee6e0dc4dd0147fec897df74e16760b76ec7d2a2b38f636bc90555f,124999.0,106979.0,18020.0,win,720,DONE,DONE,
screen,market:34000001:c95:0,market,,,c95,34000001,0,c4ad3e61abe882d36c9680815ccf0260e1aae20064b47833e85348f2382479f7,125141.0,106854.0,18287.0,win,720,DONE,DONE,
screen,full:34000001:c95:0,full,,,c95,34000001,0,968766845d9d0a39f3180ed3715f51625bbdbfb6a349f4e380bdec45daa85f0c,125141.0,106854.0,18287.0,win,720,DONE,DONE,
screen,market:34000001:c95:1,market,,,c95,34000001,1,c4ad3e61abe882d36c9680815ccf0260e1aae20064b47833e85348f2382479f7,125141.0,106854.0,18287.0,win,720,DONE,DONE,
screen,full:34000001:c95:1,full,,,c95,34000001,1,968766845d9d0a39f3180ed3715f51625bbdbfb6a349f4e380bdec45daa85f0c,125141.0,106854.0,18287.0,win,720,DONE,DONE,
screen,baseline:34000002:bbff:0,baseline,,,bbff,34000002,0,bbffbe65dee6e0dc4dd0147fec897df74e16760b76ec7d2a2b38f636bc90555f,100250.0,100250.0,0.0,draw,720,DONE,DONE,
screen,market:34000002:bbff:0,market,,,bbff,34000002,0,c4ad3e61abe882d36c9680815ccf0260e1aae20064b47833e85348f2382479f7,,,,,,,,list index out of range
screen,full:34000002:bbff:0,full,,,bbff,34000002,0,968766845d9d0a39f3180ed3715f51625bbdbfb6a349f4e380bdec45daa85f0c,,,,,,,,list index out of range
screen,baseline:34000002:bbff:1,baseline,,,bbff,34000002,1,bbffbe65dee6e0dc4dd0147fec897df74e16760b76ec7d2a2b38f636bc90555f,100250.0,100250.0,0.0,draw,720,DONE,DONE,
screen,market:34000002:bbff:1,market,,,bbff,34000002,1,c4ad3e61abe882d36c9680815ccf0260e1aae20064b47833e85348f2382479f7,,,,,,,,list index out of range
screen,baseline:34000002:cb76:0,baseline,,,cb76,34000002,0,bbffbe65dee6e0dc4dd0147fec897df74e16760b76ec7d2a2b38f636bc90555f,100555.0,99895.0,660.0,win,720,DONE,DONE,
screen,full:34000002:bbff:1,full,,,bbff,34000002,1,968766845d9d0a39f3180ed3715f51625bbdbfb6a349f4e380bdec45daa85f0c,,,,,,,,list index out of range
screen,market:34000002:cb76:0,market,,,cb76,34000002,0,c4ad3e61abe882d36c9680815ccf0260e1aae20064b47833e85348f2382479f7,,,,,,,,list index out of range
screen,full:34000002:cb76:0,full,,,cb76,34000002,0,968766845d9d0a39f3180ed3715f51625bbdbfb6a349f4e380bdec45daa85f0c,,,,,,,,list index out of range
screen,baseline:34000002:cb76:1,baseline,,,cb76,34000002,1,bbffbe65dee6e0dc4dd0147fec897df74e16760b76ec7d2a2b38f636bc90555f,100555.0,99895.0,660.0,win,720,DONE,DONE,
screen,market:34000002:cb76:1,market,,,cb76,34000002,1,c4ad3e61abe882d36c9680815ccf0260e1aae20064b47833e85348f2382479f7,,,,,,,,list index out of range
screen,baseline:34000002:v35:0,baseline,,,v35,34000002,0,bbffbe65dee6e0dc4dd0147fec897df74e16760b76ec7d2a2b38f636bc90555f,103056.0,91865.0,11191.0,win,720,DONE,DONE,
screen,market:34000002:v35:0,market,,,v35,34000002,0,c4ad3e61abe882d36c9680815ccf0260e1aae20064b47833e85348f2382479f7,,,,,,,,list index out of range
screen,full:34000002:cb76:1,full,,,cb76,34000002,1,968766845d9d0a39f3180ed3715f51625bbdbfb6a349f4e380bdec45daa85f0c,,,,,,,,list index out of range
screen,full:34000002:v35:0,full,,,v35,34000002,0,968766845d9d0a39f3180ed3715f51625bbdbfb6a349f4e380bdec45daa85f0c,,,,,,,,list index out of range
screen,baseline:34000002:v35:1,baseline,,,v35,34000002,1,bbffbe65dee6e0dc4dd0147fec897df74e16760b76ec7d2a2b38f636bc90555f,103056.0,91865.0,11191.0,win,720,DONE,DONE,
screen,market:34000002:v35:1,market,,,v35,34000002,1,c4ad3e61abe882d36c9680815ccf0260e1aae20064b47833e85348f2382479f7,,,,,,,,list index out of range
screen,baseline:34000002:c95:0,baseline,,,c95,34000002,0,bbffbe65dee6e0dc4dd0147fec897df74e16760b76ec7d2a2b38f636bc90555f,93200.0,53577.0,39623.0,win,720,DONE,DONE,
screen,full:34000002:v35:1,full,,,v35,34000002,1,968766845d9d0a39f3180ed3715f51625bbdbfb6a349f4e380bdec45daa85f0c,,,,,,,,list index out of range
screen,baseline:34000002:c95:1,baseline,,,c95,34000002,1,bbffbe65dee6e0dc4dd0147fec897df74e16760b76ec7d2a2b38f636bc90555f,93200.0,53577.0,39623.0,win,720,DONE,DONE,
screen,market:34000002:c95:0,market,,,c95,34000002,0,c4ad3e61abe882d36c9680815ccf0260e1aae20064b47833e85348f2382479f7,93200.0,53577.0,39623.0,win,720,DONE,DONE,
screen,full:34000002:c95:0,full,,,c95,34000002,0,968766845d9d0a39f3180ed3715f51625bbdbfb6a349f4e380bdec45daa85f0c,93200.0,53577.0,39623.0,win,720,DONE,DONE,
screen,market:34000002:c95:1,market,,,c95,34000002,1,c4ad3e61abe882d36c9680815ccf0260e1aae20064b47833e85348f2382479f7,93200.0,53577.0,39623.0,win,720,DONE,DONE,
screen,full:34000002:c95:1,full,,,c95,34000002,1,968766845d9d0a39f3180ed3715f51625bbdbfb6a349f4e380bdec45daa85f0c,93200.0,53577.0,39623.0,win,720,DONE,DONE,
