episode_id,opponent,opponent_rank,result,margin,seed,seat,d6_shops,d6_shop_BAKERY,d6_shop_BRUNCH_SPOT,d6_shop_FARMERS_MARKET,d6_shop_ICE_CREAM_SHOP,d6_shop_PET_CAFE,d6_shop_PIZZA_SHOP,d6_shop_SMOOTHIE_SHOP,d6_shop_YARN_STORE,d6_own_money,d6_rival_money,d6_rival_minus_own_money,d6_own_land,d6_rival_land,d6_rival_minus_own_land,d6_own_installed,d6_rival_installed,d6_rival_minus_own_installed,d6_own_CARROT,d6_rival_CARROT,d6_rival_minus_own_CARROT,d6_own_MELON,d6_rival_MELON,d6_rival_minus_own_MELON,d6_own_STRAWBERRY,d6_rival_STRAWBERRY,d6_rival_minus_own_STRAWBERRY,d6_own_TOMATO,d6_rival_TOMATO,d6_rival_minus_own_TOMATO,d6_own_WHEAT,d6_rival_WHEAT,d6_rival_minus_own_WHEAT,d6_own_COW,d6_rival_COW,d6_rival_minus_own_COW,d6_own_SHEEP,d6_rival_SHEEP,d6_rival_minus_own_SHEEP,d6_own_GOOSE,d6_rival_GOOSE,d6_rival_minus_own_GOOSE,d6_price_CARROT,d6_inventory_CARROT,d6_own_shed_CARROT,d6_own_carried_CARROT,d6_own_sell_requested_CARROT,d6_rival_sell_requested_CARROT,d6_price_EGG,d6_inventory_EGG,d6_own_shed_EGG,d6_own_carried_EGG,d6_own_sell_requested_EGG,d6_rival_sell_requested_EGG,d6_price_FERTILIZER,d6_inventory_FERTILIZER,d6_own_shed_FERTILIZER,d6_own_carried_FERTILIZER,d6_own_sell_requested_FERTILIZER,d6_rival_sell_requested_FERTILIZER,d6_price_MELON,d6_inventory_MELON,d6_own_shed_MELON,d6_own_carried_MELON,d6_own_sell_requested_MELON,d6_rival_sell_requested_MELON,d6_price_MILK,d6_inventory_MILK,d6_own_shed_MILK,d6_own_carried_MILK,d6_own_sell_requested_MILK,d6_rival_sell_requested_MILK,d6_price_STRAWBERRY,d6_inventory_STRAWBERRY,d6_own_shed_STRAWBERRY,d6_own_carried_STRAWBERRY,d6_own_sell_requested_STRAWBERRY,d6_rival_sell_requested_STRAWBERRY,d6_price_TOMATO,d6_inventory_TOMATO,d6_own_shed_TOMATO,d6_own_carried_TOMATO,d6_own_sell_requested_TOMATO,d6_rival_sell_requested_TOMATO,d6_price_WHEAT,d6_inventory_WHEAT,d6_own_shed_WHEAT,d6_own_carried_WHEAT,d6_own_sell_requested_WHEAT,d6_rival_sell_requested_WHEAT,d6_price_WOOL,d6_inventory_WOOL,d6_own_shed_WOOL,d6_own_carried_WOOL,d6_own_sell_requested_WOOL,d6_rival_sell_requested_WOOL,d6_own_previous_day_hand_nonpass,d6_own_previous_day_hand_productive,d6_own_previous_day_hand_moves,d6_own_prevday_HIRE,d6_own_prevday_BUY_LAND,d6_own_prevday_BUY_ANIMAL,d6_own_prevday_BUY_SEED,d6_own_prevday_BUY_PRODUCT,d6_own_prevday_SELL,d6_rival_previous_day_hand_nonpass,d6_rival_previous_day_hand_productive,d6_rival_previous_day_hand_moves,d6_rival_prevday_HIRE,d6_rival_prevday_BUY_LAND,d6_rival_prevday_BUY_ANIMAL,d6_rival_prevday_BUY_SEED,d6_rival_prevday_BUY_PRODUCT,d6_rival_prevday_SELL,d10_shops,d10_shop_BAKERY,d10_shop_BRUNCH_SPOT,d10_shop_FARMERS_MARKET,d10_shop_ICE_CREAM_SHOP,d10_shop_PET_CAFE,d10_shop_PIZZA_SHOP,d10_shop_SMOOTHIE_SHOP,d10_shop_YARN_STORE,d10_own_money,d10_rival_money,d10_rival_minus_own_money,d10_own_land,d10_rival_land,d10_rival_minus_own_land,d10_own_installed,d10_rival_installed,d10_rival_minus_own_installed,d10_own_CARROT,d10_rival_CARROT,d10_rival_minus_own_CARROT,d10_own_MELON,d10_rival_MELON,d10_rival_minus_own_MELON,d10_own_STRAWBERRY,d10_rival_STRAWBERRY,d10_rival_minus_own_STRAWBERRY,d10_own_TOMATO,d10_rival_TOMATO,d10_rival_minus_own_TOMATO,d10_own_WHEAT,d10_rival_WHEAT,d10_rival_minus_own_WHEAT,d10_own_COW,d10_rival_COW,d10_rival_minus_own_COW,d10_own_SHEEP,d10_rival_SHEEP,d10_rival_minus_own_SHEEP,d10_own_GOOSE,d10_rival_GOOSE,d10_rival_minus_own_GOOSE,d10_price_CARROT,d10_inventory_CARROT,d10_own_shed_CARROT,d10_own_carried_CARROT,d10_own_sell_requested_CARROT,d10_rival_sell_requested_CARROT,d10_price_EGG,d10_inventory_EGG,d10_own_shed_EGG,d10_own_carried_EGG,d10_own_sell_requested_EGG,d10_rival_sell_requested_EGG,d10_price_FERTILIZER,d10_inventory_FERTILIZER,d10_own_shed_FERTILIZER,d10_own_carried_FERTILIZER,d10_own_sell_requested_FERTILIZER,d10_rival_sell_requested_FERTILIZER,d10_price_MELON,d10_inventory_MELON,d10_own_shed_MELON,d10_own_carried_MELON,d10_own_sell_requested_MELON,d10_rival_sell_requested_MELON,d10_price_MILK,d10_inventory_MILK,d10_own_shed_MILK,d10_own_carried_MILK,d10_own_sell_requested_MILK,d10_rival_sell_requested_MILK,d10_price_STRAWBERRY,d10_inventory_STRAWBERRY,d10_own_shed_STRAWBERRY,d10_own_carried_STRAWBERRY,d10_own_sell_requested_STRAWBERRY,d10_rival_sell_requested_STRAWBERRY,d10_price_TOMATO,d10_inventory_TOMATO,d10_own_shed_TOMATO,d10_own_carried_TOMATO,d10_own_sell_requested_TOMATO,d10_rival_sell_requested_TOMATO,d10_price_WHEAT,d10_inventory_WHEAT,d10_own_shed_WHEAT,d10_own_carried_WHEAT,d10_own_sell_requested_WHEAT,d10_rival_sell_requested_WHEAT,d10_price_WOOL,d10_inventory_WOOL,d10_own_shed_WOOL,d10_own_carried_WOOL,d10_own_sell_requested_WOOL,d10_rival_sell_requested_WOOL,d10_own_previous_day_hand_nonpass,d10_own_previous_day_hand_productive,d10_own_previous_day_hand_moves,d10_own_prevday_HIRE,d10_own_prevday_BUY_LAND,d10_own_prevday_BUY_ANIMAL,d10_own_prevday_BUY_SEED,d10_own_prevday_BUY_PRODUCT,d10_own_prevday_SELL,d10_rival_previous_day_hand_nonpass,d10_rival_previous_day_hand_productive,d10_rival_previous_day_hand_moves,d10_rival_prevday_HIRE,d10_rival_prevday_BUY_LAND,d10_rival_prevday_BUY_ANIMAL,d10_rival_prevday_BUY_SEED,d10_rival_prevday_BUY_PRODUCT,d10_rival_prevday_SELL,d6_to_d10_price_change_CARROT,d6_to_d10_inventory_change_CARROT,d6_to_d10_price_change_EGG,d6_to_d10_inventory_change_EGG,d6_to_d10_price_change_FERTILIZER,d6_to_d10_inventory_change_FERTILIZER,d6_to_d10_price_change_MELON,d6_to_d10_inventory_change_MELON,d6_to_d10_price_change_MILK,d6_to_d10_inventory_change_MILK,d6_to_d10_price_change_STRAWBERRY,d6_to_d10_inventory_change_STRAWBERRY,d6_to_d10_price_change_TOMATO,d6_to_d10_inventory_change_TOMATO,d6_to_d10_price_change_WHEAT,d6_to_d10_inventory_change_WHEAT,d6_to_d10_price_change_WOOL,d6_to_d10_inventory_change_WOOL,d6_to_d10_own_money_growth,d6_to_d10_own_land_growth,d6_to_d10_own_installed_growth,d6_to_d10_own_CARROT_growth,d6_to_d10_own_MELON_growth,d6_to_d10_own_STRAWBERRY_growth,d6_to_d10_own_TOMATO_growth,d6_to_d10_own_WHEAT_growth,d6_to_d10_own_COW_growth,d6_to_d10_own_SHEEP_growth,d6_to_d10_own_GOOSE_growth,d6_to_d10_rival_money_growth,d6_to_d10_rival_land_growth,d6_to_d10_rival_installed_growth,d6_to_d10_rival_CARROT_growth,d6_to_d10_rival_MELON_growth,d6_to_d10_rival_STRAWBERRY_growth,d6_to_d10_rival_TOMATO_growth,d6_to_d10_rival_WHEAT_growth,d6_to_d10_rival_COW_growth,d6_to_d10_rival_SHEEP_growth,d6_to_d10_rival_GOOSE_growth
114185134,John Andrei Martinez,6355,win,90309.0,257143176,0,PET_CAFE|PET_CAFE,0,0,0,0,2,0,0,0,757.0,428.0,-329.0,1,2,1,25,31,6,0,0,0,0,14,14,11,0,-11,0,0,0,6,15,9,4,2,-2,4,0,-4,0,0,0,38,9958,0,0,0,0,50,9994,0,0,0,0,95,10023,7,0,23,0,267,9994,0,0,0,0,181,9994,0,0,0,0,141,9994,0,0,0,0,61,9994,0,0,0,0,21,10072,9,0,165,57,217,9994,0,0,0,0,53,33,20,3,0,0,4,1,4,92,45,47,4,0,0,8,0,1,PET_CAFE|PET_CAFE|SMOOTHIE_SHOP,0,0,0,0,2,0,1,0,3262.0,473.0,-2789.0,2,2,0,50,43,-7,5,0,-5,1,14,13,13,0,-13,0,0,0,12,24,12,5,5,0,5,0,-5,9,0,-9,46,9858,6,0,0,0,51,9990,0,0,0,0,85,10077,17,0,66,11,271,9990,0,0,0,0,187,9990,6,0,6,0,154,9984,0,0,0,0,61,9990,0,0,0,0,21,10082,21,0,522,108,196,10008,0,0,18,0,180,97,82,8,0,0,8,19,18,92,25,65,4,0,2,1,0,5,8,-100,1,-4,-10,54,4,-4,6,-4,13,-10,0,-4,0,10,-21,14,2505.0,1,25,5,1,2,0,6,1,1,9,45.0,0,12,0,0,0,0,9,3,0,0
114186650,Josep Audenis,5619,win,37478.0,842565522,1,YARN_STORE|BAKERY,1,0,0,0,0,0,0,1,579.0,12.0,-567.0,1,2,1,25,29,4,0,0,0,0,10,10,10,3,-7,0,0,0,6,12,6,4,0,-4,5,4,-1,0,0,0,35,9994,0,0,0,0,50,9994,0,0,0,0,91,10043,7,0,23,20,267,9994,0,0,0,0,181,9994,0,0,0,0,141,9994,0,0,0,0,61,9994,0,0,0,0,23,10014,3,0,136,62,232,9958,0,0,0,0,51,32,19,3,0,1,1,0,3,102,35,67,8,1,0,4,3,6,YARN_STORE|BAKERY|PET_CAFE,1,0,0,0,1,0,0,1,2430.0,880.0,-1550.0,2,2,0,50,44,-6,0,0,0,0,12,12,15,17,2,0,0,0,17,4,-13,5,3,-2,12,8,-4,1,0,-1,37,9978,0,0,0,0,52,9966,0,0,0,0,80,10100,16,0,67,33,271,9990,0,0,0,0,177,9996,6,0,6,0,147,9990,0,0,0,0,61,9990,0,0,0,0,33,9935,20,0,471,100,234,9948,0,0,18,24,173,94,78,8,0,0,9,17,17,175,75,97,8,0,0,4,2,4,2,-16,2,-28,-11,57,4,-4,-4,2,6,-4,0,-4,10,-79,2,-10,1851.0,1,25,0,0,5,0,11,1,7,1,868.0,0,15,0,2,14,0,-8,3,4,0
114188105,Orest Myth,5865,win,75722.0,170510719,1,SMOOTHIE_SHOP|ICE_CREAM_SHOP,0,0,0,1,0,0,1,0,948.0,104.0,-844.0,1,1,0,25,24,-1,0,7,7,0,8,8,11,0,-11,0,0,0,6,3,-3,4,5,1,4,1,-3,0,0,0,35,9994,0,0,0,0,50,9994,0,0,0,0,91,10044,7,0,23,21,267,9994,0,0,0,0,203,9976,0,0,0,0,161,9976,0,0,0,0,61,9994,0,0,0,0,30,9976,6,0,135,0,217,9994,0,0,0,0,39,27,12,2,0,0,2,0,3,66,27,38,4,0,0,3,5,1,SMOOTHIE_SHOP|ICE_CREAM_SHOP|FARMERS_MARKET,0,0,1,1,0,0,1,0,2884.0,5078.0,2194.0,2,2,0,50,49,-1,0,0,0,1,18,17,28,18,-10,0,0,0,6,5,-1,9,6,-3,4,1,-3,2,1,-1,33,10002,0,0,0,18,51,9990,0,0,0,0,78,10110,13,0,82,48,271,9990,0,0,0,0,215,9960,6,0,6,30,196,9918,0,0,0,0,62,9984,0,0,0,0,35,9896,11,0,448,3,192,10012,0,0,18,4,159,76,82,7,0,0,5,17,16,170,73,97,9,0,0,3,4,4,-2,8,1,-4,-13,66,4,-4,12,-16,35,-58,1,-10,5,-80,-25,18,1936.0,1,25,0,1,17,0,0,5,0,2,4974.0,1,25,-7,10,18,0,2,1,0,1
114189513,Thomas Prinz,5003,win,59650.0,1971333437,0,PIZZA_SHOP|BRUNCH_SPOT,0,1,0,0,0,1,0,0,893.0,798.0,-95.0,1,1,0,25,25,0,0,0,0,0,9,9,11,0,-11,0,0,0,6,10,4,4,4,0,4,2,-2,0,0,0,35,9994,0,0,0,0,50,9994,0,0,0,0,92,10039,7,0,23,16,267,9994,0,0,0,0,203,9976,0,0,0,0,141,9994,0,0,0,0,63,9976,0,0,0,0,24,10001,9,0,270,22,217,9994,0,0,0,0,53,33,20,3,0,0,4,11,17,89,40,47,6,0,1,0,0,6,PIZZA_SHOP|BRUNCH_SPOT|PET_CAFE,0,1,0,0,1,1,0,0,854.0,125.0,-729.0,2,2,0,50,46,-4,0,0,0,3,9,6,25,16,-9,0,0,0,5,9,4,7,8,1,4,4,0,6,0,-6,37,9978,0,0,0,0,52,9966,0,0,0,0,79,10104,15,0,63,41,271,9990,0,0,0,0,219,9954,12,0,0,6,169,9966,0,0,0,0,66,9948,0,0,0,0,35,9895,33,0,722,36,179,10019,0,0,18,11,159,86,72,7,0,0,8,26,22,183,92,91,9,0,2,7,3,15,2,-16,2,-28,-13,65,4,-4,16,-22,28,-28,3,-28,11,-106,-38,25,-39.0,1,25,0,3,14,0,-1,3,0,6,-673.0,1,21,0,0,16,0,-1,4,2,0
114190954,R3ddrag0n,4224,win,11144.0,630504321,1,ICE_CREAM_SHOP|ICE_CREAM_SHOP,0,0,0,2,0,0,0,0,1168.0,376.0,-792.0,1,1,0,25,25,0,0,0,0,0,5,5,14,7,-7,0,0,0,4,7,3,4,2,-2,3,4,1,0,0,0,35,9994,0,0,0,0,50,9994,0,0,0,0,91,10043,6,0,23,20,267,9994,0,0,0,0,203,9976,0,0,0,0,161,9976,0,0,0,0,61,9994,0,0,0,0,29,9987,8,0,136,17,217,9994,0,0,0,0,40,28,12,2,0,0,3,0,3,53,25,28,3,0,1,2,7,2,ICE_CREAM_SHOP|ICE_CREAM_SHOP|FARMERS_MARKET,0,0,1,2,0,0,0,0,2229.0,4621.0,2392.0,2,2,0,50,50,0,0,0,0,0,5,5,31,20,-11,0,0,0,5,13,8,10,8,-2,3,4,1,1,0,-1,36,9984,0,0,0,0,51,9990,0,0,0,0,79,10106,12,0,70,48,271,9990,0,0,0,0,230,9936,6,0,6,6,196,9918,0,0,0,0,62,9984,0,0,0,0,36,9886,4,0,594,35,88,10044,0,0,18,36,130,64,65,6,0,0,2,14,21,127,64,63,7,0,0,1,7,4,1,-10,1,-4,-12,63,4,-4,27,-40,35,-58,1,-10,7,-101,-129,50,1061.0,1,25,0,0,17,0,1,6,0,1,4245.0,1,25,0,0,13,0,6,6,0,0
114192390,celefefwefwe1,3856,win,31142.0,1090489487,0,PET_CAFE|BAKERY,1,0,0,0,1,0,0,0,804.0,310.0,-494.0,1,1,0,25,25,0,0,0,0,0,12,12,11,4,-7,0,0,0,6,3,-3,4,4,0,4,2,-2,0,0,0,38,9958,0,0,0,0,50,9994,0,0,0,0,91,10047,7,0,23,24,267,9994,0,0,0,0,181,9994,0,0,0,0,141,9994,0,0,0,0,61,9994,0,0,0,0,23,10008,9,0,165,17,217,9994,0,0,0,0,53,33,20,3,0,0,4,1,4,100,46,54,5,0,0,4,0,4,PET_CAFE|BAKERY|BRUNCH_SPOT,1,1,0,0,1,0,0,0,2311.0,2166.0,-145.0,2,2,0,50,48,-2,0,0,0,2,12,10,19,18,-1,0,0,0,11,5,-6,5,9,4,4,4,0,9,0,-9,42,9906,2,0,0,0,52,9960,0,0,0,0,74,10128,16,0,66,66,271,9990,0,0,0,0,143,10008,6,0,6,12,154,9984,0,0,0,0,61,9990,0,0,0,0,35,9904,15,0,275,30,154,10028,0,0,18,20,160,78,81,7,0,0,5,9,8,217,94,123,11,0,0,2,8,8,4,-52,2,-34,-17,81,4,-4,-38,14,13,-10,0,-4,12,-104,-63,34,1507.0,1,25,0,2,8,0,5,1,0,9,1856.0,1,23,0,0,14,0,2,5,2,0
114192440,yuiop!,699,win,15017.0,102059747,1,BAKERY|YARN_STORE,1,0,0,0,0,0,0,1,1027.0,787.0,-240.0,1,1,0,25,25,0,0,0,0,0,12,12,9,4,-5,0,0,0,8,3,-5,4,4,0,4,2,-2,0,0,0,35,9994,0,0,0,0,51,9976,0,0,0,0,91,10046,7,0,25,24,267,9994,0,0,0,0,181,9994,0,0,0,0,141,9994,0,0,0,0,61,9994,0,0,0,0,27,9995,6,0,340,14,217,9994,0,0,0,0,39,27,12,2,0,0,2,15,19,77,44,33,4,0,0,3,0,5,BAKERY|YARN_STORE|PIZZA_SHOP,1,0,0,0,0,1,0,1,2431.0,3512.0,1081.0,2,2,0,50,50,0,1,0,-1,1,12,11,17,20,3,0,0,0,15,5,-10,4,6,2,11,7,-4,1,0,-1,36,9990,0,0,0,0,53,9948,0,0,0,0,75,10124,14,0,70,61,271,9990,0,0,0,0,143,10008,0,0,12,12,147,9990,0,0,0,0,62,9984,0,0,0,0,35,9907,23,0,950,31,226,9980,12,0,18,20,138,70,67,6,0,0,2,28,34,175,87,88,9,0,1,4,0,8,1,-4,2,-28,-16,78,4,-4,-38,14,6,-4,1,-10,8,-88,9,-14,1404.0,1,25,1,1,8,0,7,0,7,1,2725.0,1,25,0,0,16,0,2,2,5,0
114193811,Chris Tu,3359,win,8353.0,248922330,1,ICE_CREAM_SHOP|YARN_STORE,0,0,0,1,0,0,0,1,1119.0,85.0,-1034.0,1,2,1,25,29,4,0,0,0,0,8,8,14,7,-7,0,0,0,4,7,3,4,4,0,3,3,0,0,0,0,35,9994,0,0,0,0,50,9994,0,0,0,0,90,10049,6,0,23,26,267,9994,0,0,0,0,203,9976,0,0,0,0,161,9976,0,0,0,0,61,9994,0,0,0,0,22,10044,8,0,136,68,217,9994,0,0,0,0,40,28,12,2,0,0,3,0,3,103,45,57,5,1,1,6,2,7,ICE_CREAM_SHOP|YARN_STORE|BRUNCH_SPOT,0,1,0,1,0,0,0,1,7351.0,144.0,-7207.0,2,3,1,50,69,19,0,0,0,0,8,8,26,33,7,0,0,0,9,11,2,9,6,-3,5,8,3,1,3,2,36,9990,0,0,0,0,51,9984,0,0,0,0,74,10128,0,0,86,56,271,9990,0,0,0,0,206,9972,0,0,12,12,184,9942,0,0,0,0,61,9990,0,0,0,0,32,9951,6,0,583,70,212,9997,0,0,30,25,168,81,86,8,0,0,1,20,28,225,108,113,11,1,3,6,3,8,1,-4,1,-10,-16,79,4,-4,3,-4,23,-34,0,-4,10,-93,-5,3,6232.0,1,25,0,0,12,0,5,5,2,1,59.0,1,40,0,0,26,0,4,2,5,3
114195269,Jack Burley,3166,win,21035.0,1815682256,1,BAKERY|YARN_STORE,1,0,0,0,0,0,0,1,961.0,900.0,-61.0,1,1,0,25,25,0,0,0,0,0,10,10,9,10,1,0,0,0,8,0,-8,4,2,-2,4,3,-1,0,0,0,35,9994,0,0,0,0,51,9976,0,0,0,0,90,10048,7,0,25,25,267,9994,0,0,0,0,181,9994,0,0,0,0,141,9994,0,0,0,0,61,9994,0,0,0,0,27,9994,6,0,340,24,217,9994,0,0,0,0,39,27,12,2,0,0,2,15,19,75,26,49,5,0,0,0,4,6,BAKERY|YARN_STORE|BAKERY,2,0,0,0,0,0,0,1,2125.0,1108.0,-1017.0,2,3,1,50,73,23,1,14,13,1,10,9,17,13,-4,0,8,8,15,13,-2,4,3,-1,11,7,-4,1,5,4,32,10006,0,0,0,38,53,9942,0,0,0,0,76,10119,14,0,70,60,271,9990,0,0,0,0,131,10014,0,0,12,13,147,9990,0,0,0,0,61,9990,0,0,0,0,36,9872,23,0,950,44,221,9990,12,0,18,30,138,70,67,6,0,0,2,28,34,261,131,126,12,1,3,26,4,10,-3,12,2,-34,-14,71,4,-4,-50,20,6,-4,0,-4,9,-122,4,-4,1164.0,1,25,1,1,8,0,7,0,7,1,208.0,2,48,14,0,3,8,13,1,4,5
114195678,SOLUCIENCE,3154,win,26372.0,1953680485,0,BRUNCH_SPOT|FARMERS_MARKET,0,1,1,0,0,0,0,0,967.0,218.0,-749.0,1,1,0,25,25,0,0,0,0,0,12,12,10,4,-6,0,0,0,7,3,-4,4,4,0,4,2,-2,0,0,0,35,9994,0,0,0,0,51,9976,0,0,0,0,91,10047,7,0,23,26,267,9994,0,0,0,0,181,9994,0,0,0,0,161,9976,0,0,0,0,61,9994,0,0,0,0,28,9991,7,0,342,13,217,9994,0,0,0,0,44,32,12,2,0,0,3,22,23,99,45,54,5,0,0,4,0,4,BRUNCH_SPOT|FARMERS_MARKET|BRUNCH_SPOT,0,2,1,0,0,0,0,0,1489.0,1667.0,178.0,2,2,0,50,50,0,0,0,0,1,12,11,30,18,-12,0,0,0,4,7,3,6,9,3,5,4,-1,4,0,-4,38,9966,0,0,0,0,53,9942,0,0,0,0,76,10119,11,0,62,67,271,9990,0,0,0,0,152,10004,10,0,2,12,196,9918,0,0,0,0,64,9966,0,0,0,0,36,9886,4,0,651,26,154,10028,8,0,18,20,129,64,62,6,0,0,1,18,18,179,88,90,9,0,1,2,7,8,3,-28,2,-34,-15,72,4,-4,-29,10,35,-58,3,-28,8,-105,-63,34,522.0,1,25,0,1,20,0,-3,2,1,4,1449.0,1,25,0,0,14,0,4,5,2,0
114196700,Minato Namikaze,2972,win,9635.0,979398420,0,BRUNCH_SPOT|ICE_CREAM_SHOP,0,1,0,1,0,0,0,0,944.0,777.0,-167.0,1,1,0,25,25,0,0,0,0,0,12,12,10,4,-6,0,0,0,7,3,-4,4,4,0,4,2,-2,0,0,0,35,9994,0,0,0,0,51,9976,0,0,0,0,91,10046,7,0,23,24,267,9994,0,0,0,0,181,9994,0,0,0,0,161,9976,0,0,0,0,61,9994,0,0,0,0,27,9995,7,0,342,54,217,9994,0,0,0,0,44,32,12,2,0,0,3,22,23,77,44,33,4,0,0,3,0,4,BRUNCH_SPOT|ICE_CREAM_SHOP|FARMERS_MARKET,0,1,1,1,0,0,0,0,2681.0,2245.0,-436.0,2,2,0,50,50,0,0,0,0,1,12,11,30,20,-10,0,0,0,4,5,1,8,8,0,4,5,1,3,0,-3,36,9984,0,0,0,0,53,9948,0,0,0,0,76,10121,14,0,61,66,271,9990,0,0,0,0,187,9990,0,0,12,12,196,9918,0,0,0,0,62,9984,0,0,0,0,37,9858,28,0,585,67,154,10028,4,0,18,20,149,78,70,7,0,0,5,18,17,178,92,86,8,0,2,4,7,10,1,-10,2,-28,-15,75,4,-4,6,-4,35,-58,1,-10,10,-137,-63,34,1737.0,1,25,0,1,20,0,-3,4,0,3,1468.0,1,25,0,0,16,0,2,4,3,0
114198159,lucataco,2534,win,12754.0,789521157,0,BAKERY|BAKERY,2,0,0,0,0,0,0,0,1025.0,800.0,-225.0,1,1,0,25,25,0,0,0,0,0,12,12,9,4,-5,0,0,0,8,3,-5,4,4,0,4,2,-2,0,0,0,35,9994,0,0,0,0,51,9976,0,0,0,0,91,10046,7,0,25,24,267,9994,0,0,0,0,181,9994,0,0,0,0,141,9994,0,0,0,0,61,9994,0,0,0,0,27,9995,6,0,340,26,217,9994,0,0,0,0,39,27,12,2,0,0,2,15,19,77,44,33,4,0,0,3,0,5,BAKERY|BAKERY|BAKERY,3,0,0,0,0,0,0,0,2348.0,2288.0,-60.0,2,2,0,50,50,0,0,0,0,2,12,10,14,20,6,0,0,0,16,5,-11,5,6,1,5,5,0,8,2,-6,36,9990,0,0,0,0,55,9918,0,0,0,0,75,10125,17,0,67,64,271,9990,0,0,0,0,143,10008,6,0,6,12,147,9990,0,0,0,0,61,9990,0,0,0,0,37,9865,10,0,710,43,154,10028,0,0,18,20,142,74,67,7,0,0,1,19,16,175,92,83,8,0,2,2,7,12,1,-4,4,-58,-16,79,4,-4,-38,14,6,-4,0,-4,10,-130,-63,34,1323.0,1,25,0,2,5,0,8,1,1,8,1488.0,1,25,0,0,16,0,2,2,3,2
114199617,樱花冷月,2619,win,18514.0,1325705339,1,PET_CAFE|BRUNCH_SPOT,0,1,0,0,1,0,0,0,778.0,790.0,12.0,1,1,0,25,25,0,0,0,0,0,12,12,11,4,-7,0,0,0,6,3,-3,4,4,0,4,2,-2,0,0,0,38,9958,0,0,0,0,50,9994,0,0,0,0,91,10046,7,0,23,24,267,9994,0,0,0,0,181,9994,0,0,0,0,141,9994,0,0,0,0,61,9994,0,0,0,0,23,10012,9,0,165,41,217,9994,0,0,0,0,53,33,20,3,0,0,4,1,4,77,44,33,4,0,0,3,0,4,PET_CAFE|BRUNCH_SPOT|SMOOTHIE_SHOP,0,1,0,0,1,0,1,0,1645.0,2210.0,565.0,2,2,0,50,50,0,0,0,0,1,12,11,25,20,-5,0,0,0,8,5,-3,6,6,0,4,5,1,6,2,-4,42,9906,0,0,0,0,52,9966,0,0,0,0,76,10122,15,0,62,64,271,9990,0,0,0,0,177,9996,12,0,0,12,173,9960,0,0,0,0,61,9990,0,0,0,0,34,9926,6,0,736,54,154,10028,0,0,18,20,138,71,66,6,0,0,4,17,17,175,92,83,8,0,2,2,7,11,4,-52,2,-28,-15,76,4,-4,-4,2,32,-34,0,-4,11,-86,-63,34,867.0,1,25,0,1,14,0,2,2,0,6,1420.0,1,25,0,0,16,0,2,2,3,2
114201075,Nisshi888880,2101,win,8136.0,150202985,1,FARMERS_MARKET|ICE_CREAM_SHOP,0,0,1,1,0,0,0,0,857.0,790.0,-67.0,1,1,0,25,25,0,0,0,0,0,12,12,11,4,-7,0,0,0,6,3,-3,4,4,0,4,2,-2,0,0,0,37,9976,0,0,0,0,50,9994,0,0,0,0,91,10046,7,0,23,24,267,9994,0,0,0,0,181,9994,0,0,0,0,161,9976,0,0,0,0,63,9976,0,0,0,0,27,9996,7,0,136,26,217,9994,0,0,0,0,55,35,20,3,0,0,4,0,3,77,44,33,4,0,0,3,0,5,FARMERS_MARKET|ICE_CREAM_SHOP|SMOOTHIE_SHOP,0,0,1,1,0,0,1,0,700.0,2391.0,1691.0,2,2,0,50,50,0,0,0,0,1,12,11,30,20,-10,0,0,0,5,5,0,8,9,1,5,4,-1,1,0,-1,39,9948,0,0,0,0,51,9990,0,0,0,0,76,10120,13,0,60,66,271,9990,0,0,0,0,206,9972,12,0,0,12,196,9918,0,0,0,0,66,9948,0,0,0,0,36,9874,16,0,336,43,154,10028,0,0,18,22,152,76,76,7,0,0,4,12,12,175,92,83,8,0,2,2,7,12,2,-28,1,-4,-15,74,4,-4,25,-22,35,-58,3,-28,9,-122,-63,34,-157.0,1,25,0,1,19,0,-1,4,1,1,1601.0,1,25,0,0,16,0,2,5,2,0
114202522,Jiashun Tan,1915,win,19369.0,1530951724,1,YARN_STORE|PIZZA_SHOP,0,0,0,0,0,1,0,1,408.0,795.0,387.0,1,1,0,25,25,0,0,0,0,0,12,12,10,4,-6,0,0,0,6,3,-3,4,4,0,5,2,-3,0,0,0,35,9994,0,0,0,0,50,9994,0,0,0,0,91,10046,7,0,23,24,267,9994,0,0,0,0,181,9994,0,0,0,0,141,9994,0,0,0,0,61,9994,0,0,0,0,23,10014,3,0,136,14,232,9958,0,0,0,0,51,32,19,3,0,1,1,0,3,77,44,33,4,0,0,3,0,4,YARN_STORE|PIZZA_SHOP|PET_CAFE,0,0,0,0,1,1,0,1,2136.0,4127.0,1991.0,2,2,0,50,50,0,0,0,0,5,12,7,14,20,6,0,0,0,14,5,-9,5,6,1,12,7,-5,0,0,0,36,9986,0,0,0,8,51,9990,0,0,0,0,75,10124,16,0,64,61,271,9990,0,0,0,0,195,9984,6,0,6,12,147,9990,0,0,0,0,64,9966,0,0,0,0,33,9936,16,0,645,27,235,9944,12,0,18,20,153,88,64,7,0,0,7,26,27,175,87,88,9,0,1,4,1,9,1,-8,1,-4,-16,78,4,-4,14,-10,6,-4,3,-28,10,-78,3,-14,1728.0,1,25,0,5,4,0,8,1,7,0,3332.0,1,25,0,0,16,0,2,2,5,0
114203991,Takuto Inoue,1030,win,11602.0,677185134,1,BRUNCH_SPOT|PET_CAFE,0,1,0,0,1,0,0,0,937.0,786.0,-151.0,1,1,0,25,25,0,0,0,0,0,12,12,10,4,-6,0,0,0,7,3,-4,4,4,0,4,2,-2,0,0,0,35,9994,0,0,0,0,51,9976,0,0,0,0,91,10046,7,0,23,24,267,9994,0,0,0,0,181,9994,0,0,0,0,161,9976,0,0,0,0,61,9994,0,0,0,0,27,9995,7,0,342,14,217,9994,0,0,0,0,44,32,12,2,0,0,3,22,23,77,44,33,4,0,0,3,0,5,BRUNCH_SPOT|PET_CAFE|FARMERS_MARKET,0,1,1,0,1,0,0,0,2022.0,2204.0,182.0,2,2,0,50,50,0,0,0,0,0,12,12,30,20,-10,0,0,0,5,5,0,5,6,1,5,5,0,5,2,-3,40,9936,0,0,0,0,53,9948,0,0,0,0,76,10121,13,0,61,64,271,9990,0,0,0,0,143,10008,6,0,6,12,184,9942,0,0,0,0,62,9984,0,0,0,0,35,9901,5,0,726,31,154,10028,0,0,18,20,131,67,63,6,0,0,2,16,16,175,92,83,8,0,2,2,7,12,5,-58,2,-28,-15,75,4,-4,-38,14,23,-34,1,-10,8,-94,-63,34,1085.0,1,25,0,0,20,0,-2,1,1,5,1418.0,1,25,0,0,16,0,2,2,3,2
114205447,TANG BUDU 19SD195,401,win,35612.0,1680426326,0,ICE_CREAM_SHOP|PIZZA_SHOP,0,0,0,1,0,1,0,0,1035.0,921.0,-114.0,1,1,0,25,24,-1,0,0,0,0,10,10,14,4,-10,0,0,0,4,1,-3,4,5,1,3,2,-1,0,2,2,35,9994,0,0,0,0,50,9994,0,0,0,0,89,10054,6,0,23,73,267,9994,0,0,0,0,203,9976,0,0,0,0,161,9976,0,0,0,0,61,9994,0,0,0,0,24,10005,8,0,136,176,217,9994,0,0,0,0,40,28,12,2,0,0,3,0,3,95,41,53,5,0,1,0,0,9,ICE_CREAM_SHOP|PIZZA_SHOP|YARN_STORE,0,0,0,1,0,1,0,1,415.0,1241.0,826.0,3,3,0,58,73,15,0,0,0,1,10,9,23,35,12,0,0,0,19,12,-7,11,9,-2,3,5,2,1,2,1,36,9990,0,0,0,0,46,10010,0,0,0,20,75,10127,13,0,59,113,271,9990,0,0,0,0,223,9948,6,0,6,18,181,9948,0,0,0,0,64,9966,0,0,0,0,36,9878,8,0,383,178,185,10016,0,0,18,20,179,93,85,8,1,0,10,10,10,187,95,88,10,0,2,4,1,7,1,-4,-4,16,-14,73,4,-4,20,-28,20,-28,3,-28,12,-127,-32,22,-620.0,2,33,0,1,9,0,15,7,0,1,320.0,2,49,0,0,31,0,11,4,3,0
114206899,Farm Hullabaloo,712,win,14117.0,1735797490,0,YARN_STORE|FARMERS_MARKET,0,0,1,0,0,0,0,1,406.0,866.0,460.0,1,1,0,25,25,0,0,0,0,0,12,12,10,4,-6,0,0,0,6,3,-3,4,4,0,5,2,-3,0,0,0,35,9994,0,0,0,0,50,9994,0,0,0,0,91,10046,7,0,23,24,267,9994,0,0,0,0,181,9994,0,0,0,0,141,9994,0,0,0,0,61,9994,0,0,0,0,23,10017,3,0,136,14,232,9958,0,0,0,0,51,32,19,3,0,1,1,0,3,77,44,33,4,0,0,3,0,4,YARN_STORE|FARMERS_MARKET|ICE_CREAM_SHOP,0,0,1,1,0,0,0,1,1755.0,3918.0,2163.0,2,2,0,50,50,0,0,0,0,0,12,12,18,20,2,0,0,0,15,5,-10,4,6,2,13,7,-6,0,0,0,38,9966,0,0,0,0,51,9990,0,0,0,0,75,10125,15,0,65,61,271,9990,0,0,0,0,143,10008,0,0,12,12,173,9960,0,0,0,0,64,9966,0,0,0,0,35,9908,45,0,562,29,235,9944,12,0,18,20,174,94,79,8,0,0,6,29,24,175,87,88,9,0,1,4,1,8,3,-28,1,-4,-16,79,4,-4,-38,14,32,-34,3,-28,12,-109,3,-14,1349.0,1,25,0,0,8,0,9,0,8,0,3052.0,1,25,0,0,16,0,2,2,5,0
114208383,Beyond,703,win,19770.0,261500780,1,YARN_STORE|YARN_STORE,0,0,0,0,0,0,0,2,403.0,798.0,395.0,1,1,0,25,25,0,0,0,0,0,12,12,10,4,-6,0,0,0,6,3,-3,4,4,0,5,2,-3,0,0,0,35,9994,0,0,0,0,50,9994,0,0,0,0,91,10046,7,0,23,24,267,9994,0,0,0,0,181,9994,0,0,0,0,141,9994,0,0,0,0,61,9994,0,0,0,0,23,10014,3,0,136,26,232,9958,0,0,0,0,51,32,19,3,0,1,1,0,3,77,44,33,4,0,0,3,0,4,YARN_STORE|YARN_STORE|BAKERY,1,0,0,0,0,0,0,2,1618.0,3982.0,2364.0,2,2,0,50,50,0,0,0,0,0,12,12,18,20,2,0,0,0,14,5,-9,4,6,2,14,7,-7,0,0,0,35,9998,0,0,0,8,51,9984,0,0,0,0,75,10124,16,0,64,61,271,9990,0,0,0,0,139,10010,4,0,8,12,147,9990,0,0,0,0,61,9990,0,0,0,0,32,9955,12,0,416,39,240,9896,4,0,18,20,160,90,68,8,0,1,4,16,20,175,87,88,9,0,1,4,1,9,0,4,1,-10,-16,78,4,-4,-42,16,6,-4,0,-4,9,-59,8,-62,1215.0,1,25,0,0,8,0,8,0,9,0,3184.0,1,25,0,0,16,0,2,2,5,0
114209881,Haramball forever!,338,win,23901.0,512025828,0,ICE_CREAM_SHOP|YARN_STORE,0,0,0,1,0,0,0,1,1081.0,787.0,-294.0,1,1,0,25,25,0,0,0,0,0,12,12,14,4,-10,0,0,0,4,3,-1,4,4,0,3,2,-1,0,0,0,35,9994,0,0,0,0,50,9994,0,0,0,0,91,10046,6,0,23,23,267,9994,0,0,0,0,203,9976,0,0,0,0,161,9976,0,0,0,0,61,9994,0,0,0,0,27,9996,8,0,136,13,217,9994,0,0,0,0,40,28,12,2,0,0,3,0,3,77,44,33,4,0,0,3,0,4,ICE_CREAM_SHOP|YARN_STORE|SMOOTHIE_SHOP,0,0,0,1,0,0,1,1,7426.0,4137.0,-3289.0,2,2,0,50,50,0,0,0,0,0,12,12,26,20,-6,0,0,0,9,5,-4,9,6,-3,5,7,2,1,0,-1,36,9990,0,0,0,0,51,9990,0,0,0,0,74,10132,0,0,86,60,271,9990,0,0,0,0,211,9966,0,0,12,12,184,9942,0,0,0,0,61,9990,0,0,0,0,33,9933,6,0,583,30,219,9992,0,0,30,20,168,81,86,8,0,0,1,20,28,175,87,88,9,0,1,4,0,8,1,-4,1,-4,-17,86,4,-4,8,-10,23,-34,0,-4,6,-63,2,-2,6345.0,1,25,0,0,12,0,5,5,2,1,3350.0,1,25,0,0,16,0,2,2,5,0
114211346,chocolat,136,loss,-4132.0,957575477,0,SMOOTHIE_SHOP|BAKERY,1,0,0,0,0,0,1,0,786.0,771.0,-15.0,1,1,0,25,25,0,0,0,0,0,12,12,11,4,-7,0,0,0,6,3,-3,4,4,0,4,2,-2,0,0,0,35,9994,0,0,0,0,50,9994,0,0,0,0,91,10046,7,0,23,24,267,9994,0,0,0,0,203,9976,0,0,0,0,161,9976,0,0,0,0,61,9994,0,0,0,0,23,10012,6,0,135,24,217,9994,0,0,0,0,39,27,12,2,0,0,2,0,3,75,42,33,4,0,0,3,0,4,SMOOTHIE_SHOP|BAKERY|YARN_STORE,1,0,0,0,0,0,1,1,1154.0,2596.0,1442.0,2,2,0,50,50,0,0,0,0,1,12,11,28,20,-8,0,3,3,6,2,-4,9,8,-1,4,5,1,2,0,-2,35,9994,0,0,0,4,52,9966,0,0,0,0,76,10121,14,0,61,66,271,9990,0,0,0,0,215,9960,12,0,0,12,181,9948,0,0,0,0,61,9990,0,0,0,0,33,9929,8,0,545,53,185,10016,0,0,18,20,146,71,74,7,0,0,4,24,24,175,92,83,8,0,2,3,7,13,0,0,2,-28,-15,75,4,-4,12,-16,20,-28,0,-4,10,-83,-32,22,368.0,1,25,0,1,17,0,0,5,0,2,1825.0,1,25,0,0,16,3,-1,4,3,0
114212845,Yuxiao Wang,304,win,10885.0,1188240404,1,YARN_STORE|BAKERY,1,0,0,0,0,0,0,1,408.0,795.0,387.0,1,1,0,25,25,0,0,0,0,0,12,12,10,4,-6,0,0,0,6,3,-3,4,4,0,5,2,-3,0,0,0,35,9994,0,0,0,0,50,9994,0,0,0,0,91,10046,7,0,23,24,267,9994,0,0,0,0,181,9994,0,0,0,0,141,9994,0,0,0,0,61,9994,0,0,0,0,23,10014,3,0,136,14,232,9958,0,0,0,0,51,32,19,3,0,1,1,0,3,77,44,33,4,0,0,3,0,4,YARN_STORE|BAKERY|YARN_STORE,1,0,0,0,0,0,0,2,1871.0,3876.0,2005.0,2,2,0,50,50,0,0,0,0,0,12,12,15,20,5,0,0,0,17,5,-12,5,6,1,12,7,-5,1,0,-1,35,9998,0,0,0,8,52,9966,0,0,0,0,75,10127,16,0,67,61,271,9990,0,0,0,0,143,10008,6,0,6,12,147,9990,0,0,0,0,61,9990,0,0,0,0,33,9931,20,0,471,27,236,9932,0,0,18,20,173,94,78,8,0,0,9,17,17,175,87,88,9,0,1,4,1,9,0,4,2,-28,-16,81,4,-4,-38,14,6,-4,0,-4,10,-83,4,-26,1463.0,1,25,0,0,5,0,11,1,7,1,3081.0,1,25,0,0,16,0,2,2,5,0
114214335,IamDiganta.7,560,win,18421.0,1212009679,0,PET_CAFE|BRUNCH_SPOT,0,1,0,0,1,0,0,0,830.0,797.0,-33.0,1,1,0,25,22,-3,0,0,0,0,9,9,11,4,-7,0,0,0,6,3,-3,4,4,0,4,2,-2,0,0,0,38,9958,0,0,0,0,50,9994,0,0,0,0,91,10046,7,0,23,24,267,9994,0,0,0,0,181,9994,0,0,0,0,141,9994,0,0,0,0,61,9994,0,0,0,0,24,10004,9,0,165,11,217,9994,0,0,0,0,53,33,20,3,0,0,4,1,4,77,44,33,4,0,0,3,0,4,PET_CAFE|BRUNCH_SPOT|BAKERY,1,1,0,0,1,0,0,0,1606.0,2274.0,668.0,2,2,0,50,47,-3,0,0,0,1,9,8,25,20,-5,0,0,0,8,5,-3,6,6,0,4,5,1,6,2,-4,42,9906,0,0,0,0,52,9960,0,0,0,0,76,10122,15,0,62,64,271,9990,0,0,0,0,156,10002,12,0,0,12,169,9966,0,0,0,0,61,9990,0,0,0,0,34,9916,6,0,736,28,154,10028,0,0,18,22,138,71,66,6,0,0,4,17,17,175,92,83,8,0,2,1,7,13,4,-52,2,-34,-15,76,4,-4,-25,8,28,-28,0,-4,10,-88,-63,34,776.0,1,25,0,1,14,0,2,2,0,6,1477.0,1,25,0,0,16,0,2,2,3,2
114215872,carbonapi,186,loss,-6001.0,1765312539,1,BAKERY|BAKERY,2,0,0,0,0,0,0,0,1021.0,865.0,-156.0,1,1,0,25,25,0,0,0,0,0,12,12,9,4,-5,0,0,0,8,3,-5,4,4,0,4,2,-2,0,0,0,35,9994,0,0,0,0,51,9976,0,0,0,0,91,10046,7,0,25,24,267,9994,0,0,0,0,181,9994,0,0,0,0,141,9994,0,0,0,0,61,9994,0,0,0,0,26,9998,6,0,340,14,217,9994,0,0,0,0,39,27,12,2,0,0,2,15,19,77,44,33,4,0,0,3,0,4,BAKERY|BAKERY|SMOOTHIE_SHOP,2,0,0,0,0,0,1,0,2330.0,2381.0,51.0,2,2,0,50,50,0,0,0,0,2,12,10,14,20,6,0,0,0,16,5,-11,5,6,1,5,5,0,8,2,-6,36,9990,0,0,0,0,55,9924,0,0,0,0,75,10125,17,0,67,64,271,9990,0,0,0,0,156,10002,6,0,6,12,154,9984,0,0,0,0,61,9990,0,0,0,0,36,9874,10,0,710,31,154,10028,0,0,18,20,142,74,67,7,0,0,1,19,16,175,92,83,8,0,2,2,7,12,1,-4,4,-52,-16,79,4,-4,-25,8,13,-10,0,-4,10,-124,-63,34,1309.0,1,25,0,2,5,0,8,1,1,8,1516.0,1,25,0,0,16,0,2,2,3,2
114216665,ysd1110,293,win,13507.0,1381381709,1,PET_CAFE|BAKERY,1,0,0,0,1,0,0,0,763.0,795.0,32.0,1,1,0,25,25,0,0,0,0,0,12,12,11,4,-7,0,0,0,6,3,-3,4,4,0,4,2,-2,0,0,0,38,9958,0,0,0,0,50,9994,0,0,0,0,91,10046,7,0,23,24,267,9994,0,0,0,0,181,9994,0,0,0,0,141,9994,0,0,0,0,61,9994,0,0,0,0,23,10012,9,0,165,14,217,9994,0,0,0,0,53,33,20,3,0,0,4,1,4,77,44,33,4,0,0,3,0,4,PET_CAFE|BAKERY|PIZZA_SHOP,1,0,0,0,1,1,0,0,2281.0,2579.0,298.0,2,2,0,50,50,0,0,0,0,2,12,10,19,20,1,0,0,0,11,5,-6,5,6,1,4,5,1,9,2,-7,42,9916,2,0,0,10,52,9966,0,0,0,0,75,10126,16,0,66,64,271,9990,0,0,0,0,156,10002,6,0,6,12,147,9990,0,0,0,0,62,9984,0,0,0,0,34,9912,15,0,275,31,154,10028,0,0,18,20,160,78,81,7,0,0,5,9,8,178,92,86,8,0,2,2,7,12,4,-42,2,-28,-16,80,4,-4,-25,8,6,-4,1,-10,11,-100,-63,34,1518.0,1,25,0,2,8,0,5,1,0,9,1784.0,1,25,0,0,16,0,2,2,3,2
114216671,yfy,112,win,10562.0,1108636990,0,SMOOTHIE_SHOP|BRUNCH_SPOT,0,1,0,0,0,0,1,0,797.0,796.0,-1.0,1,1,0,25,25,0,0,0,0,0,12,12,11,4,-7,0,0,0,6,3,-3,4,4,0,4,2,-2,0,0,0,35,9994,0,0,0,0,50,9994,0,0,0,0,91,10046,7,0,23,24,267,9994,0,0,0,0,203,9976,0,0,0,0,161,9976,0,0,0,0,61,9994,0,0,0,0,23,10013,6,0,135,11,217,9994,0,0,0,0,39,27,12,2,0,0,2,0,3,77,44,33,4,0,0,3,0,4,SMOOTHIE_SHOP|BRUNCH_SPOT|BRUNCH_SPOT,0,2,0,0,0,0,1,0,903.0,2454.0,1551.0,2,2,0,49,50,1,0,0,0,0,12,12,30,20,-10,0,0,0,4,5,1,8,8,0,4,5,1,3,0,-3,36,9990,0,0,0,0,52,9960,0,0,0,0,76,10120,14,0,61,66,271,9990,0,0,0,0,215,9960,12,0,0,12,196,9918,0,0,0,0,61,9990,0,0,0,0,34,9910,14,0,532,25,154,10028,0,0,18,20,133,74,59,6,0,0,4,16,20,178,92,86,8,0,2,4,7,10,1,-4,2,-34,-15,74,4,-4,12,-16,35,-58,0,-4,11,-103,-63,34,106.0,1,24,0,0,19,0,-2,4,0,3,1658.0,1,25,0,0,16,0,2,4,3,0
114217373,anngle,274,win,20541.0,694863291,0,YARN_STORE|BAKERY,1,0,0,0,0,0,0,1,408.0,795.0,387.0,1,1,0,24,25,1,0,0,0,0,12,12,10,4,-6,0,0,0,6,3,-3,4,4,0,4,2,-2,0,0,0,35,9994,0,0,0,0,50,9994,0,0,0,0,91,10046,7,0,23,24,267,9994,0,0,0,0,181,9994,0,0,0,0,141,9994,0,0,0,0,61,9994,0,0,0,0,23,10014,4,0,136,14,232,9958,0,0,0,0,51,32,19,3,0,1,1,0,3,77,44,33,4,0,0,3,0,4,YARN_STORE|BAKERY|PIZZA_SHOP,1,0,0,0,0,1,0,1,2152.0,3885.0,1733.0,2,2,0,49,50,1,0,0,0,0,12,12,15,20,5,0,0,0,17,5,-12,5,6,1,11,7,-4,1,0,-1,35,9998,0,0,0,8,52,9966,0,0,0,0,75,10124,15,0,67,61,271,9990,0,0,0,0,156,10002,6,0,6,12,147,9990,0,0,0,0,62,9984,0,0,0,0,34,9925,25,0,471,27,235,9944,0,0,18,20,173,94,78,8,0,0,9,17,17,175,87,88,9,0,1,4,1,9,0,4,2,-28,-16,78,4,-4,-25,8,6,-4,1,-10,11,-89,3,-14,1744.0,1,25,0,0,5,0,11,1,7,1,3090.0,1,25,0,0,16,0,2,2,5,0
114217947,c_fxy,263,win,872.0,113016847,0,SMOOTHIE_SHOP|FARMERS_MARKET,0,0,1,0,0,0,1,0,787.0,795.0,8.0,1,1,0,25,25,0,0,0,0,0,12,12,11,4,-7,0,0,0,6,3,-3,4,4,0,4,2,-2,0,0,0,35,9994,0,0,0,0,50,9994,0,0,0,0,91,10046,7,0,23,24,267,9994,0,0,0,0,203,9976,0,0,0,0,161,9976,0,0,0,0,61,9994,0,0,0,0,23,10013,6,0,135,14,217,9994,0,0,0,0,39,27,12,2,0,0,2,0,3,77,44,33,4,0,0,3,0,4,SMOOTHIE_SHOP|FARMERS_MARKET|PET_CAFE,0,0,1,0,1,0,1,0,2295.0,2846.0,551.0,2,2,0,50,50,0,0,0,0,1,12,11,29,20,-9,0,0,0,5,5,0,9,8,-1,4,5,1,2,0,-2,38,9964,0,0,0,10,51,9990,0,0,0,0,76,10121,14,0,61,66,271,9990,0,0,0,0,211,9966,6,0,6,12,193,9924,0,0,0,0,64,9966,0,0,0,0,33,9928,8,0,614,31,154,10028,0,0,18,22,140,72,67,7,0,0,2,19,22,175,92,83,8,0,2,1,7,13,3,-30,1,-4,-15,75,4,-4,8,-10,32,-52,3,-28,10,-85,-63,34,1508.0,1,25,0,1,18,0,-1,5,0,2,2051.0,1,25,0,0,16,0,2,4,3,0
114218866,pensukesan,104,loss,-8665.0,1310278052,1,PIZZA_SHOP|PIZZA_SHOP,0,0,0,0,0,2,0,0,846.0,1083.0,237.0,1,1,0,25,25,0,0,0,0,0,12,12,11,8,-3,0,0,0,6,0,-6,4,2,-2,4,3,-1,0,0,0,35,9994,0,0,0,0,50,9994,0,0,0,0,90,10048,7,0,23,25,267,9994,0,0,0,0,203,9976,0,0,0,0,141,9994,0,0,0,0,63,9976,0,0,0,0,24,10001,9,0,270,12,217,9994,0,0,0,0,53,33,20,3,0,0,4,11,17,120,33,87,6,0,0,0,0,6,PIZZA_SHOP|PIZZA_SHOP|PIZZA_SHOP,0,0,0,0,0,3,0,0,3261.0,2287.0,-974.0,2,3,1,49,70,21,1,0,-1,6,15,9,8,15,7,0,3,3,17,22,5,12,10,-2,4,3,-1,1,2,1,36,9990,0,0,0,0,51,9990,0,0,0,0,76,10119,13,0,58,61,271,9990,0,0,0,0,226,9942,0,0,12,12,147,9990,0,0,0,0,70,9918,0,0,0,0,36,9877,34,0,572,12,116,10038,0,0,18,30,178,99,76,9,0,0,9,11,13,225,127,95,10,1,3,16,4,8,1,-4,1,-4,-14,71,4,-4,23,-34,6,-4,7,-58,12,-124,-101,44,2415.0,1,24,1,6,-3,0,11,8,0,1,1204.0,2,45,0,3,7,3,22,8,0,2
114220354,Nakano,100,win,5909.0,1973759091,1,BAKERY|BRUNCH_SPOT,1,1,0,0,0,0,0,0,1073.0,544.0,-529.0,1,1,0,25,25,0,0,0,0,0,10,10,9,8,-1,0,0,0,8,1,-7,4,2,-2,4,4,0,0,0,0,35,9994,0,0,0,0,51,9976,0,0,0,0,90,10050,7,0,25,30,267,9994,0,0,0,0,181,9994,0,0,0,0,141,9994,0,0,0,0,61,9994,0,0,0,0,28,9989,6,0,340,1,217,9994,0,0,0,0,39,27,12,2,0,0,2,15,19,116,71,45,6,0,0,3,1,7,BAKERY|BRUNCH_SPOT|PET_CAFE,1,1,0,0,1,0,0,0,1974.0,145.0,-1829.0,2,3,1,50,74,24,0,0,0,0,10,10,25,20,-5,0,0,0,8,24,16,5,5,0,4,4,0,8,11,3,37,9978,0,0,0,0,55,9924,0,0,0,0,75,10126,14,0,65,67,271,9990,0,0,0,0,156,10002,6,0,6,6,169,9966,0,0,0,0,61,9990,0,0,0,0,36,9875,0,0,404,3,88,10044,0,0,18,36,114,60,52,5,0,0,0,3,3,209,107,98,10,0,5,4,4,6,2,-16,4,-52,-15,76,4,-4,-25,8,28,-28,0,-4,8,-114,-129,50,901.0,1,25,0,0,16,0,0,1,0,8,-399.0,2,49,0,0,12,0,23,3,0,11
114221853,easygame,242,win,4067.0,1030033803,0,ICE_CREAM_SHOP|SMOOTHIE_SHOP,0,0,0,1,0,0,1,0,1079.0,800.0,-279.0,1,1,0,25,25,0,0,0,0,0,12,12,14,4,-10,0,0,0,4,3,-1,4,4,0,3,2,-1,0,0,0,35,9994,0,0,0,0,50,9994,0,0,0,0,91,10046,6,0,23,24,267,9994,0,0,0,0,203,9976,0,0,0,0,161,9976,0,0,0,0,61,9994,0,0,0,0,27,9996,8,0,136,26,217,9994,0,0,0,0,40,28,12,2,0,0,3,0,3,77,44,33,4,0,0,3,0,4,ICE_CREAM_SHOP|SMOOTHIE_SHOP|SMOOTHIE_SHOP,0,0,0,1,0,0,2,0,2296.0,2851.0,555.0,2,2,0,50,50,0,0,0,0,0,12,12,31,20,-11,0,0,0,5,5,0,10,9,-1,3,4,1,1,0,-1,36,9990,0,0,0,0,51,9990,0,0,0,0,77,10117,13,0,57,66,271,9990,0,0,0,0,230,9936,6,0,6,12,196,9918,0,0,0,0,61,9990,0,0,0,0,35,9909,7,0,607,43,154,10028,0,0,18,24,132,72,60,6,0,0,3,18,21,175,92,83,8,0,2,2,7,12,1,-4,1,-4,-14,71,4,-4,27,-40,35,-58,0,-4,8,-87,-63,34,1217.0,1,25,0,0,17,0,1,6,0,1,2051.0,1,25,0,0,16,0,2,5,2,0
114223292,吃白饭的大肥鱼,29,loss,-33224.0,28781546,0,SMOOTHIE_SHOP|PIZZA_SHOP,0,0,0,0,0,1,1,0,801.0,1025.0,224.0,1,1,0,25,25,0,0,0,0,0,10,10,11,10,-1,0,0,0,6,0,-6,4,2,-2,4,3,-1,0,0,0,35,9994,0,0,0,0,50,9994,0,0,0,0,90,10048,7,0,23,25,267,9994,0,0,0,0,203,9976,0,0,0,0,161,9976,0,0,0,0,61,9994,0,0,0,0,22,10020,6,0,135,13,217,9994,0,0,0,0,39,27,12,2,0,0,2,0,3,66,34,32,6,0,0,0,0,4,SMOOTHIE_SHOP|PIZZA_SHOP|FARMERS_MARKET,0,0,1,0,0,1,1,0,1709.0,1917.0,208.0,2,3,1,50,70,20,0,0,0,1,10,9,27,21,-6,0,0,0,7,22,15,10,11,1,4,3,-1,1,3,2,36,9984,0,0,0,0,51,9990,0,0,0,0,74,10129,13,0,62,67,271,9990,0,0,0,0,226,9942,6,0,6,12,184,9942,0,0,0,0,65,9960,0,0,0,0,35,9903,28,0,501,13,116,10038,0,0,18,30,161,85,75,7,0,0,7,27,28,227,104,119,11,1,3,2,1,6,1,-10,1,-4,-16,81,4,-4,23,-34,23,-34,4,-34,13,-117,-101,44,908.0,1,25,0,1,16,0,1,6,0,1,892.0,2,45,0,0,11,0,22,9,0,3
114223338,forever young,58,loss,-6090.0,828216032,0,SMOOTHIE_SHOP|SMOOTHIE_SHOP,0,0,0,0,0,0,2,0,809.0,791.0,-18.0,1,1,0,25,25,0,0,0,0,0,12,12,11,4,-7,0,0,0,6,3,-3,4,4,0,4,2,-2,0,0,0,35,9994,0,0,0,0,50,9994,0,0,0,0,91,10046,7,0,23,24,267,9994,0,0,0,0,203,9976,0,0,0,0,161,9976,0,0,0,0,61,9994,0,0,0,0,23,10013,6,0,135,44,217,9994,0,0,0,0,39,27,12,2,0,0,2,0,3,77,44,33,4,0,0,3,0,4,SMOOTHIE_SHOP|SMOOTHIE_SHOP|FARMERS_MARKET,0,0,1,0,0,0,2,0,524.0,2747.0,2223.0,3,2,-1,55,50,-5,0,0,0,1,12,11,29,20,-9,0,0,0,11,5,-6,10,9,-1,4,4,0,0,0,0,36,9984,0,0,0,0,51,9990,0,0,0,0,76,10121,13,0,61,67,271,9990,0,0,0,0,226,9942,6,0,6,12,196,9918,0,0,0,0,62,9984,0,0,0,0,33,9942,8,0,372,57,154,10028,4,0,18,20,181,88,92,9,1,0,3,14,15,178,92,86,8,0,2,4,7,10,1,-10,1,-4,-15,75,4,-4,23,-34,35,-58,1,-10,10,-71,-63,34,-285.0,2,30,0,1,18,0,5,6,0,0,1956.0,1,25,0,0,16,0,2,5,2,0
114224808,Agricola,222,win,21637.0,551462809,1,FARMERS_MARKET|SMOOTHIE_SHOP,0,0,1,0,0,0,1,0,857.0,790.0,-67.0,1,1,0,25,25,0,0,0,0,0,12,12,11,4,-7,0,0,0,6,3,-3,4,4,0,4,2,-2,0,0,0,37,9976,0,0,0,0,50,9994,0,0,0,0,91,10046,7,0,23,24,267,9994,0,0,0,0,181,9994,0,0,0,0,161,9976,0,0,0,0,63,9976,0,0,0,0,27,9996,7,0,136,26,217,9994,0,0,0,0,55,35,20,3,0,0,4,0,3,77,44,33,4,0,0,3,0,5,FARMERS_MARKET|SMOOTHIE_SHOP|PET_CAFE,0,0,1,0,1,0,1,0,728.0,2452.0,1724.0,2,2,0,50,50,0,0,0,0,1,12,11,30,20,-10,0,0,0,5,5,0,8,8,0,5,5,0,1,0,-1,40,9936,0,0,0,0,51,9990,0,0,0,0,76,10120,13,0,60,66,271,9990,0,0,0,0,201,9978,12,0,0,12,193,9924,0,0,0,0,66,9948,0,0,0,0,35,9902,16,0,336,43,154,10028,0,0,18,22,152,76,76,7,0,0,4,12,12,175,92,83,8,0,2,2,7,12,3,-40,1,-4,-15,74,4,-4,20,-16,32,-52,3,-28,8,-94,-63,34,-129.0,1,25,0,1,19,0,-1,4,1,1,1662.0,1,25,0,0,16,0,2,4,3,0
114226301,trantrikien239,195,win,6060.0,1703899901,1,FARMERS_MARKET|SMOOTHIE_SHOP,0,0,1,0,0,0,1,0,916.0,1021.0,105.0,1,1,0,25,24,-1,0,0,0,0,8,8,11,10,-1,0,0,0,6,1,-5,4,2,-2,4,3,-1,0,0,0,36,9991,0,0,0,15,50,9994,0,0,0,0,90,10048,7,0,23,25,267,9994,0,0,0,0,181,9994,0,0,0,0,161,9976,0,0,0,0,63,9976,0,0,0,0,30,9977,7,0,136,3,217,9994,0,0,0,0,55,35,20,3,0,0,4,0,3,104,36,68,5,0,0,1,1,6,FARMERS_MARKET|SMOOTHIE_SHOP|BRUNCH_SPOT,0,1,1,0,0,0,1,0,505.0,1419.0,914.0,2,3,1,50,60,10,0,0,0,1,8,7,30,20,-10,0,2,2,5,18,13,8,7,-1,5,3,-2,1,2,1,38,9963,0,0,0,15,51,9984,0,0,0,0,79,10106,13,0,60,46,271,9990,0,0,0,0,201,9978,12,0,0,12,196,9918,0,0,0,0,66,9948,0,0,0,0,36,9868,16,0,336,3,116,10038,0,0,18,30,152,76,76,7,0,0,4,12,12,199,89,109,9,0,1,5,2,6,2,-28,1,-10,-11,58,4,-4,20,-16,35,-58,3,-28,6,-109,-101,44,-411.0,1,25,0,1,19,0,-1,4,1,1,398.0,2,36,0,0,10,2,17,5,0,2
114227779,kwa,105,loss,-3858.0,1097139336,1,BRUNCH_SPOT|ICE_CREAM_SHOP,0,1,0,1,0,0,0,0,943.0,841.0,-102.0,1,1,0,25,25,0,0,0,0,0,12,12,10,8,-2,0,0,0,7,0,-7,4,2,-2,4,3,-1,0,0,0,35,9994,0,0,0,0,51,9976,0,0,0,0,90,10048,7,0,23,25,267,9994,0,0,0,0,181,9994,0,0,0,0,161,9976,0,0,0,0,61,9994,0,0,0,0,28,9991,7,0,342,2,217,9994,0,0,0,0,44,32,12,2,0,0,3,22,23,87,33,54,6,0,0,0,1,5,BRUNCH_SPOT|ICE_CREAM_SHOP|ICE_CREAM_SHOP,0,1,0,2,0,0,0,0,2436.0,251.0,-2185.0,2,3,1,50,61,11,0,0,0,1,12,11,30,29,-1,0,0,0,4,6,2,8,8,0,4,3,-1,3,3,0,36,9990,0,0,0,0,53,9948,0,0,0,0,75,10124,14,0,61,63,271,9990,0,0,0,0,195,9984,0,0,12,12,196,9918,0,0,0,0,61,9990,0,0,0,0,38,9832,28,0,585,9,116,10038,4,0,18,30,149,78,70,7,0,0,5,18,17,220,90,128,10,1,2,15,6,12,1,-4,2,-28,-15,76,4,-4,14,-10,35,-58,0,-4,10,-159,-101,44,1493.0,1,25,0,1,20,0,-3,4,0,3,-590.0,2,36,0,0,21,0,6,6,0,3
114229792,Ebi,108,loss,-9989.0,594064851,1,FARMERS_MARKET|ICE_CREAM_SHOP,0,0,1,1,0,0,0,0,888.0,783.0,-105.0,1,2,1,25,31,6,0,2,2,0,9,9,11,12,1,0,1,1,6,1,-5,4,4,0,4,2,-2,0,0,0,37,9976,0,0,0,0,50,9994,0,0,0,0,89,10053,7,0,23,30,267,9994,0,0,0,0,181,9994,0,0,0,0,161,9976,0,0,0,0,63,9976,0,0,0,0,22,10044,7,0,136,76,217,9994,0,0,0,0,55,35,20,3,0,0,4,0,3,55,33,22,3,1,0,3,1,2,FARMERS_MARKET|ICE_CREAM_SHOP|FARMERS_MARKET,0,0,2,1,0,0,0,0,910.0,3767.0,2857.0,2,3,1,50,75,25,0,5,5,1,16,15,30,30,0,0,2,2,5,15,10,8,5,-3,5,2,-3,1,0,-1,39,9948,0,0,0,6,51,9990,0,0,0,0,78,10108,13,0,60,48,271,9990,0,0,0,0,187,9990,12,0,0,24,196,9918,0,0,0,0,67,9942,0,0,0,0,33,9928,16,0,336,439,177,10020,0,0,18,12,152,76,76,7,0,0,4,12,12,153,77,75,7,0,1,1,6,5,2,-28,1,-4,-11,55,4,-4,6,-4,35,-58,4,-34,11,-116,-40,26,22.0,1,25,0,1,19,0,-1,4,1,1,2984.0,1,44,3,7,18,1,14,1,0,0
114230751,Rio,176,win,5436.0,856228223,0,FARMERS_MARKET|ICE_CREAM_SHOP,0,0,1,1,0,0,0,0,848.0,798.0,-50.0,1,1,0,25,25,0,0,0,0,0,12,12,11,4,-7,0,0,0,6,3,-3,4,4,0,4,2,-2,0,0,0,37,9976,0,0,0,0,50,9994,0,0,0,0,91,10046,7,0,23,24,267,9994,0,0,0,0,181,9994,0,0,0,0,161,9976,0,0,0,0,63,9976,0,0,0,0,27,9996,7,0,136,19,217,9994,0,0,0,0,55,35,20,3,0,0,4,0,3,77,44,33,4,0,0,3,0,5,FARMERS_MARKET|ICE_CREAM_SHOP|BAKERY,1,0,1,1,0,0,0,0,690.0,2299.0,1609.0,2,2,0,50,50,0,0,0,0,1,12,11,30,20,-10,0,0,0,5,5,0,8,8,0,5,5,0,1,0,-1,39,9948,0,0,0,0,51,9984,0,0,0,0,76,10120,13,0,60,66,271,9990,0,0,0,0,201,9978,12,0,0,12,193,9924,0,0,0,0,66,9948,0,0,0,0,36,9868,16,0,336,36,154,10028,0,0,18,22,152,76,76,7,0,0,4,12,12,175,92,83,8,0,2,2,7,12,2,-28,1,-10,-15,74,4,-4,20,-16,32,-52,3,-28,9,-128,-63,34,-158.0,1,25,0,1,19,0,-1,4,1,1,1501.0,1,25,0,0,16,0,2,4,3,0
114232208,boominginging,92,loss,-15635.0,906823939,0,BAKERY|BAKERY,2,0,0,0,0,0,0,0,1097.0,585.0,-512.0,1,1,0,25,25,0,0,0,0,0,11,11,9,8,-1,0,0,0,8,1,-7,4,2,-2,4,3,-1,0,0,0,35,9994,0,0,0,0,51,9976,0,0,0,0,90,10048,7,0,25,25,267,9994,0,0,0,0,181,9994,0,0,0,0,141,9994,0,0,0,0,61,9994,0,0,0,0,29,9981,6,0,340,3,217,9994,0,0,0,0,39,27,12,2,0,0,2,15,19,69,40,29,6,0,0,2,0,4,BAKERY|BAKERY|PET_CAFE,2,0,0,0,1,0,0,0,2410.0,3653.0,1243.0,2,2,0,50,50,0,0,4,4,2,14,12,14,12,-2,0,5,5,16,4,-12,5,5,0,5,3,-2,8,3,-5,37,9978,0,0,0,0,55,9924,0,0,0,0,76,10119,17,0,67,54,271,9990,0,0,0,0,143,10008,6,0,6,12,147,9990,0,0,0,0,61,9990,0,0,0,0,36,9872,10,0,710,14,116,10038,0,0,18,30,142,74,67,7,0,0,1,19,16,124,65,55,6,0,1,2,1,5,2,-16,4,-52,-14,71,4,-4,-38,14,6,-4,0,-4,7,-109,-101,44,1313.0,1,25,0,2,5,0,8,1,1,8,3068.0,1,25,4,3,4,5,3,3,0,3
114233677,yvn kaggriculture,156,win,13300.0,1288145562,1,PIZZA_SHOP|PIZZA_SHOP,0,0,0,0,0,2,0,0,816.0,809.0,-7.0,1,1,0,25,25,0,0,0,0,0,12,12,11,4,-7,0,0,0,6,3,-3,4,4,0,4,2,-2,0,0,0,35,9994,0,0,0,0,50,9994,0,0,0,0,91,10046,7,0,23,24,267,9994,0,0,0,0,203,9976,0,0,0,0,141,9994,0,0,0,0,63,9976,0,0,0,0,27,9994,9,0,270,26,217,9994,0,0,0,0,53,33,20,3,0,0,4,11,17,77,44,33,4,0,0,3,0,5,PIZZA_SHOP|PIZZA_SHOP|FARMERS_MARKET,0,0,1,0,0,2,0,0,3486.0,2697.0,-789.0,2,2,0,49,50,1,1,0,-1,6,12,6,8,20,12,0,0,0,17,5,-12,12,9,-3,4,4,0,1,0,-1,36,9984,0,0,0,0,51,9990,0,0,0,0,76,10118,13,0,58,66,271,9990,0,0,0,0,223,9948,0,0,12,12,154,9984,0,0,0,0,70,9918,0,0,0,0,36,9873,34,0,572,43,154,10028,0,0,18,22,178,99,76,9,0,0,9,11,13,178,92,86,8,0,2,4,7,11,1,-10,1,-4,-15,72,4,-4,20,-28,13,-10,7,-58,9,-121,-63,34,2670.0,1,24,1,6,-3,0,11,8,0,1,1888.0,1,25,0,0,16,0,2,5,2,0
114235177,mhw,78,loss,-21260.0,1060889239,1,BAKERY|PIZZA_SHOP,1,0,0,0,0,1,0,0,1097.0,585.0,-512.0,1,1,0,25,25,0,0,0,0,0,11,11,9,8,-1,0,0,0,8,1,-7,4,2,-2,4,3,-1,0,0,0,35,9994,0,0,0,0,51,9976,0,0,0,0,90,10048,7,0,25,25,267,9994,0,0,0,0,181,9994,0,0,0,0,141,9994,0,0,0,0,61,9994,0,0,0,0,29,9981,6,0,340,3,217,9994,0,0,0,0,39,27,12,2,0,0,2,15,19,69,40,29,6,0,0,2,0,4,BAKERY|PIZZA_SHOP|FARMERS_MARKET,1,0,1,0,0,1,0,0,1642.0,220.0,-1422.0,2,3,1,50,58,8,0,5,5,2,14,12,16,20,4,0,0,0,14,8,-6,8,6,-2,4,3,-1,6,2,-4,36,9984,0,0,0,0,53,9948,0,0,0,0,77,10113,15,0,83,48,271,9990,0,0,0,0,195,9984,6,0,6,12,154,9984,0,0,0,0,65,9960,0,0,0,0,37,9853,26,0,830,14,161,10026,0,0,18,18,137,70,65,6,0,0,3,31,30,140,75,59,7,1,1,3,1,0,1,-10,2,-28,-13,65,4,-4,14,-10,13,-10,4,-34,8,-128,-56,32,545.0,1,25,0,2,7,0,6,4,0,6,-365.0,2,33,5,3,12,0,7,4,0,2
114236633,Kucing Garong,88,loss,-2857.0,1100657627,0,BRUNCH_SPOT|SMOOTHIE_SHOP,0,1,0,0,0,0,1,0,927.0,757.0,-170.0,1,1,0,25,25,0,0,0,0,0,10,10,10,10,0,0,0,0,7,0,-7,4,2,-2,4,3,-1,0,0,0,35,9994,0,0,0,0,51,9976,0,0,0,0,90,10048,7,0,23,25,267,9994,0,0,0,0,181,9994,0,0,0,0,161,9976,0,0,0,0,61,9994,0,0,0,0,27,9994,7,0,342,14,217,9994,0,0,0,0,44,32,12,2,0,0,3,22,23,72,24,48,6,0,0,0,1,4,BRUNCH_SPOT|SMOOTHIE_SHOP|YARN_STORE,0,1,0,0,0,0,1,1,2250.0,227.0,-2023.0,2,3,1,50,65,15,0,0,0,0,10,10,26,24,-2,0,0,0,9,14,5,7,10,3,5,6,1,3,1,-2,36,9990,0,0,0,0,53,9948,0,0,0,0,75,10123,12,0,61,62,271,9990,0,0,0,0,195,9984,6,0,6,12,193,9924,0,0,0,0,61,9990,0,0,0,0,35,9902,11,0,599,19,167,10024,3,0,19,27,160,86,73,8,0,0,5,23,25,221,114,103,10,1,3,16,2,9,1,-4,2,-28,-15,75,4,-4,14,-10,32,-52,0,-4,8,-92,-50,30,1323.0,1,25,0,0,16,0,2,3,1,3,-530.0,2,40,0,0,14,0,14,8,3,1
114238112,Civitasmass,128,loss,-8178.0,2032011821,0,PIZZA_SHOP|ICE_CREAM_SHOP,0,0,0,1,0,1,0,0,808.0,877.0,69.0,1,1,0,25,25,0,0,0,0,0,12,12,11,4,-7,0,0,0,6,3,-3,4,4,0,4,2,-2,0,0,0,35,9994,0,0,0,0,50,9994,0,0,0,0,91,10046,7,0,23,24,267,9994,0,0,0,0,203,9976,0,0,0,0,141,9994,0,0,0,0,63,9976,0,0,0,0,27,9997,9,0,270,14,217,9994,0,0,0,0,53,33,20,3,0,0,4,11,17,77,44,33,4,0,0,3,0,5,PIZZA_SHOP|ICE_CREAM_SHOP|ICE_CREAM_SHOP,0,0,0,2,0,1,0,0,2654.0,2806.0,152.0,2,2,0,50,50,0,3,0,-3,5,12,7,16,20,4,0,0,0,10,5,-5,9,9,0,4,4,0,3,0,-3,36,9990,5,0,0,0,51,9990,0,0,0,0,76,10122,15,0,64,66,271,9990,0,0,0,0,230,9936,6,0,6,12,173,9960,0,0,0,0,66,9948,0,0,0,0,36,9876,20,0,1116,31,154,10028,0,0,18,22,158,88,69,7,0,0,10,47,40,175,92,83,8,0,2,2,7,12,1,-4,1,-4,-15,76,4,-4,27,-40,32,-34,3,-28,9,-121,-63,34,1846.0,1,25,3,5,5,0,4,5,0,3,1929.0,1,25,0,0,16,0,2,5,2,0
114239616,kwa,105,win,4217.0,1701092351,1,FARMERS_MARKET|SMOOTHIE_SHOP,0,0,1,0,0,0,1,0,872.0,844.0,-28.0,1,1,0,25,25,0,0,0,0,0,12,12,11,8,-3,0,0,0,6,0,-6,4,2,-2,4,3,-1,0,0,0,37,9976,0,0,0,0,50,9994,0,0,0,0,90,10048,7,0,23,25,267,9994,0,0,0,0,181,9994,0,0,0,0,161,9976,0,0,0,0,63,9976,0,0,0,0,28,9992,7,0,136,2,217,9994,0,0,0,0,55,35,20,3,0,0,4,0,3,87,33,54,6,0,0,0,1,5,FARMERS_MARKET|SMOOTHIE_SHOP|FARMERS_MARKET,0,0,2,0,0,0,1,0,450.0,164.0,-286.0,2,3,1,50,64,14,0,0,0,1,12,11,30,30,0,0,0,0,5,7,2,8,9,1,5,3,-2,1,3,2,40,9942,0,0,0,0,51,9990,0,0,0,0,76,10120,13,0,60,60,271,9990,0,0,0,0,201,9978,12,0,0,12,196,9918,0,0,0,0,67,9942,0,0,0,0,37,9866,16,0,336,12,116,10038,0,0,18,30,152,76,76,7,0,0,4,12,12,220,93,124,10,0,2,11,7,10,3,-34,1,-4,-14,72,4,-4,20,-16,35,-58,4,-34,9,-126,-101,44,-422.0,1,25,0,1,19,0,-1,4,1,1,-680.0,2,39,0,0,22,0,7,7,0,3
114241063,Olympus,665,win,6691.0,1465644316,1,BAKERY|ICE_CREAM_SHOP,1,0,0,1,0,0,0,0,1021.0,865.0,-156.0,1,1,0,25,25,0,0,0,0,0,12,12,9,4,-5,0,0,0,8,3,-5,4,4,0,4,2,-2,0,0,0,35,9994,0,0,0,0,51,9976,0,0,0,0,91,10046,7,0,25,24,267,9994,0,0,0,0,181,9994,0,0,0,0,141,9994,0,0,0,0,61,9994,0,0,0,0,26,9998,6,0,340,14,217,9994,0,0,0,0,39,27,12,2,0,0,2,15,19,77,44,33,4,0,0,3,0,4,BAKERY|ICE_CREAM_SHOP|PIZZA_SHOP,1,0,0,1,0,1,0,0,3678.0,2618.0,-1060.0,2,2,0,50,50,0,0,0,0,0,12,12,25,20,-5,0,0,0,9,5,-4,8,9,1,4,4,0,4,0,-4,36,9990,0,0,0,0,53,9948,0,0,0,0,73,10136,0,0,78,66,271,9990,0,0,0,0,201,9978,6,0,6,12,169,9966,0,0,0,0,62,9984,0,0,0,0,36,9887,0,0,669,31,154,10028,0,0,18,22,137,61,74,6,0,0,0,15,18,175,92,83,8,0,2,2,7,12,1,-4,2,-28,-18,90,4,-4,20,-16,28,-28,1,-10,10,-111,-63,34,2657.0,1,25,0,0,16,0,1,4,0,4,1753.0,1,25,0,0,16,0,2,5,2,0
114242524,Erfan Eshratifar,146,win,4401.0,404092127,0,PET_CAFE|SMOOTHIE_SHOP,0,0,0,0,1,0,1,0,767.0,791.0,24.0,1,1,0,25,25,0,0,0,0,0,12,12,11,4,-7,0,0,0,6,3,-3,4,4,0,4,2,-2,0,0,0,38,9958,0,0,0,0,50,9994,0,0,0,0,91,10046,7,0,23,24,267,9994,0,0,0,0,181,9994,0,0,0,0,141,9994,0,0,0,0,61,9994,0,0,0,0,23,10012,9,0,165,12,217,9994,0,0,0,0,53,33,20,3,0,0,4,1,4,77,44,33,4,0,0,3,0,4,PET_CAFE|SMOOTHIE_SHOP|PET_CAFE,0,0,0,0,2,0,1,0,2710.0,2439.0,-271.0,2,2,0,50,50,0,0,5,5,1,12,11,22,20,-2,0,0,0,11,0,-11,8,8,0,4,5,1,4,0,-4,42,9904,0,0,0,10,51,9990,0,0,0,0,75,10124,14,0,64,77,271,9990,0,0,0,0,195,9984,6,0,6,12,169,9966,0,0,0,0,61,9990,0,0,0,0,33,9943,16,0,631,274,154,10028,0,0,18,22,161,83,77,7,0,0,7,26,28,175,92,83,8,0,2,3,14,19,4,-54,1,-4,-16,78,4,-4,14,-10,28,-28,0,-4,10,-69,-63,34,1943.0,1,25,0,1,11,0,5,4,0,4,1648.0,1,25,5,0,16,0,-3,4,3,0
114243994,high frequency farming,102,loss,-7539.0,1258201979,1,BAKERY|PIZZA_SHOP,1,0,0,0,0,1,0,0,1057.0,918.0,-139.0,1,1,0,25,25,0,0,0,0,0,10,10,9,10,1,0,0,0,8,0,-8,4,2,-2,4,3,-1,0,0,0,35,9994,0,0,0,0,51,9976,0,0,0,0,90,10048,7,0,25,25,267,9994,0,0,0,0,181,9994,0,0,0,0,141,9994,0,0,0,0,61,9994,0,0,0,0,26,9998,6,0,340,13,217,9994,0,0,0,0,39,27,12,2,0,0,2,15,19,124,40,84,6,0,0,0,0,5,BAKERY|PIZZA_SHOP|BRUNCH_SPOT,1,1,0,0,0,1,0,0,1541.0,422.0,-1119.0,2,3,1,50,72,22,0,0,0,2,11,9,16,14,-2,0,1,1,14,25,11,8,12,4,4,3,-1,6,6,0,36,9990,0,0,0,0,53,9942,0,0,0,0,74,10130,15,0,83,65,271,9990,0,0,0,0,196,9983,6,0,6,12,154,9984,0,0,0,0,64,9966,0,0,0,0,37,9852,26,0,830,13,116,10038,0,0,18,30,137,70,65,6,0,0,3,31,30,228,128,96,10,1,5,21,2,9,1,-4,2,-34,-16,82,4,-4,15,-11,13,-10,3,-28,11,-146,-101,44,484.0,1,25,0,2,7,0,6,4,0,6,-496.0,2,47,0,1,4,1,25,10,0,6
114245470,ZHOU HONGYI,206,win,6184.0,1646997883,0,ICE_CREAM_SHOP|ICE_CREAM_SHOP,0,0,0,2,0,0,0,0,1065.0,866.0,-199.0,1,1,0,25,25,0,0,0,0,0,12,12,14,4,-10,0,0,0,4,3,-1,4,4,0,3,2,-1,0,0,0,35,9994,0,0,0,0,50,9994,0,0,0,0,91,10046,6,0,23,24,267,9994,0,0,0,0,203,9976,0,0,0,0,161,9976,0,0,0,0,61,9994,0,0,0,0,26,9999,8,0,136,14,217,9994,0,0,0,0,40,28,12,2,0,0,3,0,3,77,44,33,4,0,0,3,0,4,ICE_CREAM_SHOP|ICE_CREAM_SHOP|BAKERY,1,0,0,2,0,0,0,0,2414.0,2909.0,495.0,2,2,0,50,50,0,0,0,0,0,12,12,31,20,-11,0,0,0,5,5,0,10,9,-1,3,4,1,1,0,-1,36,9990,0,0,0,0,51,9984,0,0,0,0,76,10118,12,0,70,66,271,9990,0,0,0,0,226,9942,6,0,6,12,193,9924,0,0,0,0,61,9990,0,0,0,0,36,9883,4,0,594,31,154,10028,0,0,18,22,130,64,65,6,0,0,2,14,21,175,92,83,8,0,2,2,7,12,1,-4,1,-10,-15,72,4,-4,23,-34,32,-52,0,-4,10,-116,-63,34,1349.0,1,25,0,0,17,0,1,6,0,1,2043.0,1,25,0,0,16,0,2,5,2,0
114246955,Evil Mango,148,win,14598.0,499859090,0,PET_CAFE|BAKERY,1,0,0,0,1,0,0,0,798.0,780.0,-18.0,1,1,0,25,25,0,0,0,0,0,12,12,11,4,-7,0,0,0,6,3,-3,4,4,0,4,2,-2,0,0,0,38,9958,0,0,0,0,50,9994,0,0,0,0,91,10046,7,0,23,24,267,9994,0,0,0,0,181,9994,0,0,0,0,141,9994,0,0,0,0,61,9994,0,0,0,0,23,10012,9,0,165,67,217,9994,0,0,0,0,53,33,20,3,0,0,4,1,4,77,44,33,4,0,0,3,0,4,PET_CAFE|BAKERY|PET_CAFE,1,0,0,0,2,0,0,0,2295.0,2164.0,-131.0,2,2,0,50,50,0,0,0,0,2,12,10,19,20,1,0,0,0,11,5,-6,5,6,1,4,5,1,9,2,-7,43,9898,2,0,0,4,52,9966,0,0,0,0,75,10126,16,0,66,64,271,9990,0,0,0,0,143,10008,6,0,6,12,147,9990,0,0,0,0,61,9990,0,0,0,0,34,9911,15,0,275,80,154,10028,0,0,18,22,160,78,81,7,0,0,5,9,8,178,92,86,8,0,2,4,7,11,5,-60,2,-28,-16,80,4,-4,-38,14,6,-4,0,-4,11,-101,-63,34,1497.0,1,25,0,2,8,0,5,1,0,9,1384.0,1,25,0,0,16,0,2,2,3,2
114248439,Rio,176,win,6730.0,1094838829,0,SMOOTHIE_SHOP|ICE_CREAM_SHOP,0,0,0,1,0,0,1,0,776.0,806.0,30.0,1,1,0,25,25,0,0,0,0,0,12,12,11,4,-7,0,0,0,6,3,-3,4,4,0,4,2,-2,0,0,0,35,9994,0,0,0,0,50,9994,0,0,0,0,91,10046,7,0,23,24,267,9994,0,0,0,0,203,9976,0,0,0,0,161,9976,0,0,0,0,61,9994,0,0,0,0,23,10013,6,0,135,19,217,9994,0,0,0,0,39,27,12,2,0,0,2,0,3,77,44,33,4,0,0,3,0,4,SMOOTHIE_SHOP|ICE_CREAM_SHOP|YARN_STORE,0,0,0,1,0,0,1,1,2623.0,2753.0,130.0,2,2,0,50,50,0,0,0,0,0,12,12,27,20,-7,0,0,0,8,5,-3,9,8,-1,4,5,1,2,0,-2,36,9990,0,0,0,0,51,9990,0,0,0,0,76,10121,14,0,81,66,271,9990,0,0,0,0,226,9942,6,0,6,12,193,9924,0,0,0,0,61,9990,0,0,0,0,33,9930,9,0,448,74,185,10016,0,0,18,24,146,75,70,7,0,0,4,17,16,175,92,83,8,0,2,1,8,13,1,-4,1,-4,-15,75,4,-4,23,-34,32,-52,0,-4,10,-83,-32,22,1847.0,1,25,0,0,16,0,2,5,0,2,1947.0,1,25,0,0,16,0,2,4,3,0
114249897,Dieter,55,loss,-5454.0,2104832039,1,PIZZA_SHOP|FARMERS_MARKET,0,0,1,0,0,1,0,0,855.0,745.0,-110.0,1,1,0,25,25,0,0,0,0,0,10,10,11,10,-1,0,0,0,6,0,-6,4,2,-2,4,3,-1,0,0,0,35,9994,0,0,0,0,50,9994,0,0,0,0,90,10048,7,0,23,26,267,9994,0,0,0,0,203,9976,0,0,0,0,141,9994,0,0,0,0,63,9976,0,0,0,0,28,9992,9,0,270,8,217,9994,0,0,0,0,53,33,20,3,0,0,4,11,17,109,28,81,6,0,0,0,0,5,PIZZA_SHOP|FARMERS_MARKET|PET_CAFE,0,0,1,0,1,1,0,0,2387.0,989.0,-1398.0,2,3,1,50,71,21,3,4,1,5,9,4,16,20,4,0,5,5,10,16,6,9,8,-1,4,3,-1,3,6,3,39,9954,5,0,0,0,51,9990,0,0,0,0,76,10122,15,0,64,69,271,9990,0,0,0,0,211,9966,6,0,6,12,169,9966,0,0,0,0,69,9924,0,0,0,0,36,9878,20,0,1116,11,125,10036,0,0,18,32,158,88,69,7,0,0,10,47,40,221,119,98,10,1,5,22,0,8,4,-40,1,-4,-14,74,4,-4,8,-10,28,-28,6,-52,8,-114,-92,42,1532.0,1,25,3,5,5,0,4,5,0,3,244.0,2,46,4,-1,10,5,16,6,0,6
114251368,Варим сельский самогон,201,win,26195.0,1924937312,0,PIZZA_SHOP|BAKERY,1,0,0,0,0,1,0,0,873.0,19.0,-854.0,1,2,1,25,30,5,0,0,0,0,12,12,11,7,-4,0,0,0,6,5,-1,4,4,0,4,2,-2,0,0,0,35,9994,0,0,0,0,50,9994,0,0,0,0,90,10049,7,0,23,26,267,9994,0,0,0,0,203,9976,0,0,0,0,141,9994,0,0,0,0,63,9976,0,0,0,0,24,10002,9,0,270,17,217,9994,0,0,0,0,53,33,20,3,0,0,4,11,17,68,27,36,4,1,0,2,0,4,PIZZA_SHOP|BAKERY|SMOOTHIE_SHOP,1,0,0,0,0,1,1,0,602.0,1928.0,1326.0,3,2,-1,55,41,-14,1,0,-1,3,5,2,17,18,1,0,0,0,17,5,-12,9,9,0,4,4,0,4,0,-4,36,9990,2,0,0,0,52,9966,0,0,0,0,75,10124,13,0,64,65,271,9990,0,0,0,0,215,9960,6,0,6,12,154,9984,0,0,0,0,66,9948,0,0,0,0,37,9867,14,0,643,25,158,10027,0,0,18,19,198,103,92,9,1,0,12,16,20,175,92,83,8,0,2,2,7,12,1,-4,2,-28,-15,75,4,-4,12,-16,13,-10,3,-28,13,-135,-59,33,-271.0,2,30,1,3,6,0,11,5,0,4,1909.0,0,11,0,-7,11,0,0,5,2,0
114252835,Vlas Veles,151,loss,-3023.0,1560804735,1,FARMERS_MARKET|PIZZA_SHOP,0,0,1,0,0,1,0,0,899.0,616.0,-283.0,1,1,0,25,25,0,0,0,0,0,12,12,11,8,-3,0,0,0,6,0,-6,4,2,-2,4,3,-1,0,0,0,37,9976,0,0,0,0,50,9994,0,0,0,0,90,10048,7,0,23,25,267,9994,0,0,0,0,181,9994,0,0,0,0,161,9976,0,0,0,0,63,9976,0,0,0,0,28,9993,7,0,136,8,217,9994,0,0,0,0,55,35,20,3,0,0,4,0,3,132,52,80,6,0,0,0,0,5,FARMERS_MARKET|PIZZA_SHOP|BRUNCH_SPOT,0,1,1,0,0,1,0,0,78.0,1055.0,977.0,3,3,0,51,67,16,0,0,0,2,12,10,28,26,-2,0,0,0,7,15,8,7,9,2,5,3,-2,2,2,0,39,9948,0,0,0,0,51,9984,0,0,0,0,76,10119,13,0,60,59,271,9990,0,0,0,0,195,9984,6,0,6,12,184,9942,0,0,0,0,69,9924,0,0,0,0,37,9861,19,0,646,10,116,10038,0,0,18,30,138,75,62,6,1,0,7,17,19,226,125,99,10,2,2,13,2,8,2,-28,1,-10,-14,71,4,-4,14,-10,23,-34,6,-52,9,-132,-101,44,-821.0,2,26,0,2,17,0,1,3,1,2,439.0,2,42,0,0,18,0,15,7,0,2
114254310,Junliang Ye,97,loss,-12934.0,1451625605,1,BRUNCH_SPOT|ICE_CREAM_SHOP,0,1,0,1,0,0,0,0,895.0,560.0,-335.0,1,1,0,25,24,-1,0,0,0,0,8,8,10,8,-2,0,0,0,7,0,-7,4,5,1,4,3,-1,0,0,0,35,9994,0,0,0,0,51,9976,0,0,0,0,90,10052,7,0,23,29,267,9994,0,0,0,0,181,9994,0,0,0,0,161,9976,0,0,0,0,61,9994,0,0,0,0,24,10002,7,0,342,25,217,9994,0,0,0,0,44,32,12,2,0,0,3,22,23,76,31,45,5,0,0,0,1,6,BRUNCH_SPOT|ICE_CREAM_SHOP|ICE_CREAM_SHOP,0,1,0,2,0,0,0,0,2443.0,580.0,-1863.0,2,3,1,42,70,28,0,0,0,1,12,11,22,30,8,0,0,0,4,10,6,8,9,1,4,3,-1,3,6,3,36,9990,0,0,0,0,53,9948,0,0,0,0,74,10130,15,0,61,73,271,9990,0,0,0,0,195,9984,0,0,12,12,196,9918,0,0,0,0,61,9990,0,0,0,0,36,9868,22,0,585,25,116,10038,1,0,18,30,149,78,70,7,0,0,5,18,17,220,108,110,10,0,2,9,5,10,1,-4,2,-28,-16,78,4,-4,14,-10,35,-58,0,-4,12,-134,-101,44,1548.0,1,17,0,1,12,0,-3,4,0,3,20.0,2,46,0,4,22,0,10,4,0,6
114255779,fasith 007,147,loss,-4918.0,1801131337,1,ICE_CREAM_SHOP|PET_CAFE,0,0,0,1,1,0,0,0,1111.0,777.0,-334.0,1,1,0,25,25,0,0,0,0,0,12,12,14,4,-10,0,0,0,4,3,-1,4,4,0,3,2,-1,0,0,0,35,9994,0,0,0,0,50,9994,0,0,0,0,91,10046,6,0,23,23,267,9994,0,0,0,0,203,9976,0,0,0,0,161,9976,0,0,0,0,61,9994,0,0,0,0,27,9996,8,0,136,18,217,9994,0,0,0,0,40,28,12,2,0,0,3,0,3,77,44,33,4,0,0,3,0,4,ICE_CREAM_SHOP|PET_CAFE|FARMERS_MARKET,0,0,1,1,1,0,0,0,1194.0,2492.0,1298.0,2,2,0,48,50,2,0,0,0,1,12,11,22,20,-2,0,0,0,9,5,-4,10,8,-2,3,5,2,3,0,-3,40,9940,0,0,0,4,51,9990,0,0,0,0,76,10120,15,0,60,75,271,9990,0,0,0,0,215,9960,12,0,0,12,184,9942,0,0,0,0,62,9984,0,0,0,0,35,9894,12,0,269,87,154,10028,0,0,18,20,154,81,72,7,0,0,4,9,10,175,92,83,8,0,2,2,8,14,5,-54,1,-4,-15,74,4,-4,12,-16,23,-34,1,-10,8,-102,-63,34,83.0,1,23,0,1,8,0,5,6,0,3,1715.0,1,25,0,0,16,0,2,4,3,0
114257327,pensukesan,104,loss,-19196.0,1132926059,1,BRUNCH_SPOT|PIZZA_SHOP,0,1,0,0,0,1,0,0,946.0,1080.0,134.0,1,1,0,25,25,0,0,0,0,0,12,12,10,8,-2,0,0,0,7,0,-7,4,2,-2,4,3,-1,0,0,0,35,9994,0,0,0,0,51,9976,0,0,0,0,90,10048,7,0,23,25,267,9994,0,0,0,0,181,9994,0,0,0,0,161,9976,0,0,0,0,61,9994,0,0,0,0,24,10002,7,0,342,12,217,9994,0,0,0,0,44,32,12,2,0,0,3,22,23,120,33,87,6,0,0,0,0,6,BRUNCH_SPOT|PIZZA_SHOP|PET_CAFE,0,1,0,0,1,1,0,0,2236.0,2000.0,-236.0,2,3,1,50,70,20,0,0,0,0,12,12,26,18,-8,0,3,3,9,22,13,7,9,2,5,3,-2,3,3,0,37,9978,0,0,0,0,53,9948,0,0,0,0,76,10122,12,0,61,61,271,9990,0,0,0,0,195,9984,6,0,6,12,181,9948,0,0,0,0,64,9966,0,0,0,0,36,9883,11,0,599,12,112,10039,3,0,19,30,160,86,73,8,0,0,5,23,25,225,127,95,10,1,3,16,4,8,2,-16,2,-28,-14,74,4,-4,14,-10,20,-28,3,-28,12,-119,-105,45,1290.0,1,25,0,0,16,0,2,3,1,3,920.0,2,45,0,0,10,3,22,7,0,3
114258293,keiz,129,loss,-9211.0,2133379194,1,ICE_CREAM_SHOP|ICE_CREAM_SHOP,0,0,0,2,0,0,0,0,1095.0,846.0,-249.0,1,1,0,25,25,0,0,0,0,0,12,12,14,4,-10,0,0,0,4,3,-1,4,4,0,3,2,-1,0,0,0,35,9994,0,0,0,0,50,9994,0,0,0,0,91,10047,6,0,23,24,267,9994,0,0,0,0,203,9976,0,0,0,0,161,9976,0,0,0,0,61,9994,0,0,0,0,27,9995,8,0,136,36,217,9994,0,0,0,0,40,28,12,2,0,0,3,0,3,113,58,41,5,0,0,3,0,4,ICE_CREAM_SHOP|ICE_CREAM_SHOP|BAKERY,1,0,0,2,0,0,0,0,2433.0,2653.0,220.0,2,2,0,50,50,0,0,0,0,0,12,12,31,20,-11,0,0,0,5,5,0,10,9,-1,3,4,1,1,0,-1,36,9990,0,0,0,0,51,9984,0,0,0,0,77,10117,12,0,70,63,271,9990,0,0,0,0,226,9942,6,0,6,12,193,9924,0,0,0,0,61,9990,0,0,0,0,36,9872,4,0,594,49,154,10028,0,0,18,20,130,64,65,6,0,0,2,14,21,250,126,105,11,0,0,3,8,7,1,-4,1,-10,-14,70,4,-4,23,-34,32,-52,0,-4,9,-123,-63,34,1338.0,1,25,0,0,17,0,1,6,0,1,1807.0,1,25,0,0,16,0,2,5,2,0
114258739,Argyris Anastopoulos,204,win,9814.0,889295910,0,SMOOTHIE_SHOP|PIZZA_SHOP,0,0,0,0,0,1,1,0,785.0,866.0,81.0,1,1,0,25,25,0,0,0,0,0,12,12,11,4,-7,0,0,0,6,3,-3,4,4,0,4,2,-2,0,0,0,35,9994,0,0,0,0,50,9994,0,0,0,0,91,10046,7,0,23,24,267,9994,0,0,0,0,203,9976,0,0,0,0,161,9976,0,0,0,0,61,9994,0,0,0,0,23,10016,6,0,135,14,217,9994,0,0,0,0,39,27,12,2,0,0,2,0,3,77,44,33,4,0,0,3,0,4,SMOOTHIE_SHOP|PIZZA_SHOP|PIZZA_SHOP,0,0,0,0,0,2,1,0,1980.0,2934.0,954.0,2,2,0,50,50,0,0,0,0,1,12,11,27,20,-7,0,0,0,7,5,-2,10,9,-1,4,4,0,1,0,-1,36,9990,0,0,0,0,51,9990,0,0,0,0,76,10122,13,0,62,66,271,9990,0,0,0,0,230,9936,6,0,6,12,181,9948,0,0,0,0,65,9960,0,0,0,0,35,9909,28,0,501,31,154,10028,0,0,18,22,161,85,75,7,0,0,7,27,28,175,92,83,8,0,2,2,7,13,1,-4,1,-4,-15,76,4,-4,27,-40,20,-28,4,-34,12,-107,-63,34,1195.0,1,25,0,1,16,0,1,6,0,1,2068.0,1,25,0,0,16,0,2,5,2,0
114260122,Ghost Rule,131,loss,-32028.0,284309109,1,PET_CAFE|FARMERS_MARKET,0,0,1,0,1,0,0,0,794.0,239.0,-555.0,1,1,0,25,25,0,0,0,0,0,12,12,11,4,-7,0,0,0,6,3,-3,4,4,0,4,2,-2,0,0,0,38,9958,0,0,0,0,50,9994,0,0,0,0,91,10047,7,0,23,24,267,9994,0,0,0,0,181,9994,0,0,0,0,141,9994,0,0,0,0,61,9994,0,0,0,0,23,10009,9,0,165,8,217,9994,0,0,0,0,53,33,20,3,0,0,4,1,4,99,45,54,5,0,0,4,0,4,PET_CAFE|FARMERS_MARKET|PET_CAFE,0,0,1,0,2,0,0,0,2149.0,1758.0,-391.0,2,2,0,50,50,0,3,0,-3,1,13,12,22,18,-4,0,0,0,7,6,-1,6,5,-1,4,5,1,7,3,-4,45,9870,6,0,0,0,51,9990,0,0,0,0,75,10124,15,0,73,61,271,9990,0,0,0,0,143,10008,6,0,6,12,169,9966,0,0,0,0,64,9966,0,0,0,0,34,9910,17,0,483,21,154,10028,0,0,18,20,160,79,80,7,0,0,8,22,22,179,88,90,9,0,1,2,7,9,7,-88,1,-4,-16,77,4,-4,-38,14,28,-28,3,-28,11,-99,-63,34,1355.0,1,25,3,1,11,0,1,2,0,7,1519.0,1,25,0,1,14,0,3,1,3,3
114261841,Max Bloom,228,win,3034.0,902563179,1,PET_CAFE|ICE_CREAM_SHOP,0,0,0,1,1,0,0,0,770.0,788.0,18.0,1,1,0,25,25,0,0,0,0,0,12,12,11,4,-7,0,0,0,6,3,-3,4,4,0,4,2,-2,0,0,0,38,9958,0,0,0,0,50,9994,0,0,0,0,91,10046,7,0,23,24,267,9994,0,0,0,0,181,9994,0,0,0,0,141,9994,0,0,0,0,61,9994,0,0,0,0,23,10012,9,0,165,11,217,9994,0,0,0,0,53,33,20,3,0,0,4,1,4,77,44,33,4,0,0,3,0,4,PET_CAFE|ICE_CREAM_SHOP|FARMERS_MARKET,0,0,1,1,1,0,0,0,2556.0,2713.0,157.0,2,2,0,50,50,0,0,0,0,1,12,11,23,20,-3,0,0,0,10,5,-5,9,8,-1,4,5,1,3,0,-3,42,9910,0,0,0,10,51,9990,0,0,0,0,75,10123,14,0,63,66,271,9990,0,0,0,0,195,9984,6,0,6,12,173,9960,0,0,0,0,62,9984,0,0,0,0,34,9922,8,0,477,28,154,10028,0,0,18,20,165,78,86,8,0,0,6,14,14,175,92,83,8,0,2,2,7,13,4,-48,1,-4,-16,77,4,-4,14,-10,32,-34,1,-10,11,-90,-63,34,1786.0,1,25,0,1,12,0,4,5,0,3,1925.0,1,25,0,0,16,0,2,4,3,0
114263152,leave you,152,win,1190.0,1801066874,0,YARN_STORE|ICE_CREAM_SHOP,0,0,0,1,0,0,0,1,347.0,1066.0,719.0,1,1,0,25,25,0,0,0,0,0,10,10,10,10,0,0,0,0,6,0,-6,4,2,-2,5,3,-2,0,0,0,35,9994,0,0,0,0,50,9994,0,0,0,0,90,10048,7,0,23,25,267,9994,0,0,0,0,181,9994,0,0,0,0,141,9994,0,0,0,0,61,9994,0,0,0,0,22,10020,3,0,136,28,232,9958,0,0,0,0,51,32,19,3,0,1,1,0,3,70,26,44,4,0,0,0,1,5,YARN_STORE|ICE_CREAM_SHOP|BRUNCH_SPOT,0,1,0,1,0,0,0,1,2045.0,3337.0,1292.0,2,3,1,50,57,7,0,0,0,0,10,10,19,25,6,0,0,0,14,11,-3,6,7,1,11,4,-7,0,0,0,36,9990,0,0,0,0,51,9984,0,0,0,0,77,10115,15,0,65,50,271,9990,0,0,0,0,195,9984,6,0,6,12,173,9960,0,0,0,0,61,9990,0,0,0,0,34,9910,14,0,325,28,234,9951,0,0,18,27,184,91,92,8,0,0,5,9,11,163,82,80,9,0,2,1,1,5,1,-4,1,-10,-13,67,4,-4,14,-10,32,-34,0,-4,12,-110,2,-7,1698.0,1,25,0,0,9,0,8,2,6,0,2271.0,2,32,0,0,15,0,11,5,1,0
