rank,team,fixture_id,seed,seat,baseline_result,candidate_result,baseline_own_coins,candidate_own_coins,baseline_rival_coins,candidate_rival_coins,baseline_margin,candidate_margin,margin_gain
1,DECEM,16623559:115321748,1590754653,0,win,win,134714.0,134696.0,76014.0,75999.0,58700.0,58697.0,-3.0
1,DECEM,16623559:115321748,1590754653,1,win,win,134714.0,134696.0,76014.0,75999.0,58700.0,58697.0,-3.0
2,DSM,16732748:115323250,739900353,0,win,win,159388.0,159437.0,55118.0,55081.0,104270.0,104356.0,86.0
2,DSM,16732748:115323250,739900353,1,win,win,159388.0,159437.0,55118.0,55081.0,104270.0,104356.0,86.0
3,Boey,16915014:115323250,739900353,0,win,win,105525.0,105576.0,97052.0,97011.0,8473.0,8565.0,92.0
3,Boey,16915014:115323250,739900353,1,win,win,105525.0,105576.0,97052.0,97011.0,8473.0,8565.0,92.0
4,Vadim Vasilenko,16770421:115323543,1021797774,0,win,win,146420.0,146427.0,118411.0,118426.0,28009.0,28001.0,-8.0
4,Vadim Vasilenko,16770421:115323543,1021797774,1,win,win,146420.0,146427.0,118411.0,118426.0,28009.0,28001.0,-8.0
5,Yizhou,16712258:115321748,1590754653,0,win,win,133151.0,133161.0,69742.0,69734.0,63409.0,63427.0,18.0
5,Yizhou,16712258:115321748,1590754653,1,win,win,133151.0,133161.0,69742.0,69734.0,63409.0,63427.0,18.0
6,Unknown Mother-Goose,16730612:115320871,1267268912,0,win,win,161418.0,161440.0,121426.0,121407.0,39992.0,40033.0,41.0
6,Unknown Mother-Goose,16730612:115320871,1267268912,1,win,win,161418.0,161440.0,121426.0,121407.0,39992.0,40033.0,41.0
7,tetsuya & yuanzhe & guoqin,16623716:115319406,17339380,0,win,win,159463.0,159422.0,132203.0,132237.0,27260.0,27185.0,-75.0
7,tetsuya & yuanzhe & guoqin,16623716:115319406,17339380,1,win,win,159463.0,159422.0,132203.0,132237.0,27260.0,27185.0,-75.0
8,Anton Tikhonov,16628664:115320871,1267268912,0,loss,loss,141662.0,141656.0,142203.0,142236.0,-541.0,-580.0,-39.0
8,Anton Tikhonov,16628664:115320871,1267268912,1,loss,loss,141662.0,141656.0,142203.0,142236.0,-541.0,-580.0,-39.0
9,akmr,16634580:115320793,1585684253,0,loss,loss,89025.0,89067.0,98817.0,98763.0,-9792.0,-9696.0,96.0
9,akmr,16634580:115320793,1585684253,1,loss,loss,89025.0,89067.0,98817.0,98763.0,-9792.0,-9696.0,96.0
10,Majkel1337,16718819:115317514,1747201981,0,loss,loss,64930.0,64919.0,75645.0,75679.0,-10715.0,-10760.0,-45.0
10,Majkel1337,16718819:115317514,1747201981,1,loss,loss,64930.0,64919.0,75645.0,75679.0,-10715.0,-10760.0,-45.0
11,monsaraida,16804022:115318890,144720027,0,win,win,122661.0,122635.0,109218.0,109156.0,13443.0,13479.0,36.0
11,monsaraida,16804022:115318890,144720027,1,win,win,122661.0,122635.0,109218.0,109156.0,13443.0,13479.0,36.0
12,Zenith,16657750:115319406,17339380,0,win,win,153149.0,153162.0,65608.0,65606.0,87541.0,87556.0,15.0
12,Zenith,16657750:115319406,17339380,1,win,win,153149.0,153162.0,65608.0,65606.0,87541.0,87556.0,15.0
13,Gordeev Max,16670384:115323543,1021797774,0,win,win,140019.0,140018.0,85554.0,85563.0,54465.0,54455.0,-10.0
13,Gordeev Max,16670384:115323543,1021797774,1,win,win,140019.0,140018.0,85554.0,85563.0,54465.0,54455.0,-10.0
14,feles99,16866398:115322222,308835460,0,win,win,149767.0,159849.0,129920.0,129100.0,19847.0,30749.0,10902.0
14,feles99,16866398:115322222,308835460,1,win,win,149767.0,159849.0,129920.0,129100.0,19847.0,30749.0,10902.0
15,Fourth Quadrant,16667959:115317937,64842527,0,win,win,107750.0,107794.0,49546.0,49497.0,58204.0,58297.0,93.0
15,Fourth Quadrant,16667959:115317937,64842527,1,win,win,131623.0,131670.0,53536.0,53483.0,78087.0,78187.0,100.0
16,TKNP,16684994:115319133,1678796803,0,win,win,116498.0,116567.0,110895.0,110833.0,5603.0,5734.0,131.0
16,TKNP,16684994:115319133,1678796803,1,win,win,116498.0,116567.0,110895.0,110833.0,5603.0,5734.0,131.0
17,Smackaveli,16862183:115318066,1434656883,0,win,win,159953.0,159965.0,61101.0,61086.0,98852.0,98879.0,27.0
17,Smackaveli,16862183:115318066,1434656883,1,win,win,159953.0,159965.0,61101.0,61086.0,98852.0,98879.0,27.0
18,yuto083,16623697:115319331,2009789541,0,win,win,147583.0,147603.0,82172.0,82163.0,65411.0,65440.0,29.0
18,yuto083,16623697:115319331,2009789541,1,win,win,148355.0,148375.0,82170.0,82161.0,66185.0,66214.0,29.0
19,吃白饭的大肥鱼,16854176:115322168,496608776,0,loss,loss,110262.0,110258.0,118611.0,118604.0,-8349.0,-8346.0,3.0
19,吃白饭的大肥鱼,16854176:115322168,496608776,1,loss,loss,110262.0,110258.0,118611.0,118604.0,-8349.0,-8346.0,3.0
20,Luca,16760699:115318067,818251128,0,win,win,206859.0,206850.0,77216.0,77234.0,129643.0,129616.0,-27.0
20,Luca,16760699:115318067,818251128,1,win,win,206859.0,206850.0,77216.0,77234.0,129643.0,129616.0,-27.0
21,Artem The Farmer 🍅,16621799:115320892,1838265913,0,loss,loss,53969.0,63267.0,102162.0,116142.0,-48193.0,-52875.0,-4682.0
21,Artem The Farmer 🍅,16621799:115320892,1838265913,1,loss,loss,53969.0,63267.0,102162.0,116142.0,-48193.0,-52875.0,-4682.0
22,Farmcore,16891902:115321607,887271080,0,win,win,121738.0,121683.0,78819.0,78877.0,42919.0,42806.0,-113.0
22,Farmcore,16891902:115321607,887271080,1,win,win,98314.0,98230.0,65033.0,65125.0,33281.0,33105.0,-176.0
23,KawattaTaido,16654697:115322063,1589024670,0,win,win,118718.0,144794.0,71593.0,102437.0,47125.0,42357.0,-4768.0
23,KawattaTaido,16654697:115322063,1589024670,1,win,win,118718.0,144794.0,71593.0,102437.0,47125.0,42357.0,-4768.0
24,Azat Akhtyamov,16743356:115318741,671466508,0,win,win,170080.0,170080.0,72371.0,72364.0,97709.0,97716.0,7.0
24,Azat Akhtyamov,16743356:115318741,671466508,1,win,win,170080.0,170080.0,72371.0,72364.0,97709.0,97716.0,7.0
25,abozten,16709492:115318678,2093338350,0,win,win,120869.0,120858.0,99553.0,99566.0,21316.0,21292.0,-24.0
25,abozten,16709492:115318678,2093338350,1,win,win,120869.0,120858.0,99553.0,99566.0,21316.0,21292.0,-24.0
26,E. Honda,16751828:115319297,1520437191,0,win,win,170317.0,170345.0,54681.0,54655.0,115636.0,115690.0,54.0
26,E. Honda,16751828:115319297,1520437191,1,win,win,170317.0,170345.0,54681.0,54655.0,115636.0,115690.0,54.0
27,Happy Farm,16633507:115320815,1961295638,0,loss,loss,93542.0,93549.0,104340.0,104332.0,-10798.0,-10783.0,15.0
27,Happy Farm,16633507:115320815,1961295638,1,loss,loss,93542.0,93549.0,104340.0,104332.0,-10798.0,-10783.0,15.0
28,mtmr_s1,16758882:115323169,742685211,0,loss,loss,125756.0,125751.0,129386.0,129397.0,-3630.0,-3646.0,-16.0
28,mtmr_s1,16758882:115323169,742685211,1,loss,loss,125756.0,125751.0,129386.0,129397.0,-3630.0,-3646.0,-16.0
29,Arda Ceylan,16673205:115319468,738658496,0,win,win,157205.0,157203.0,41844.0,41854.0,115361.0,115349.0,-12.0
29,Arda Ceylan,16673205:115319468,738658496,1,win,win,157205.0,157203.0,41844.0,41854.0,115361.0,115349.0,-12.0
30,kigasudayooo,16734966:115321656,1443374033,0,loss,loss,82951.0,82946.0,87098.0,87115.0,-4147.0,-4169.0,-22.0
30,kigasudayooo,16734966:115321656,1443374033,1,loss,loss,82951.0,82946.0,87098.0,87115.0,-4147.0,-4169.0,-22.0
31,🐚seek inspiration🐚,16793083:115320193,2092758357,0,win,win,143954.0,143954.0,8.0,8.0,143946.0,143946.0,0.0
31,🐚seek inspiration🐚,16793083:115320193,2092758357,1,win,win,143954.0,143954.0,8.0,8.0,143946.0,143946.0,0.0
32,Legend Brothers,16632377:115320024,1970562405,0,loss,loss,68958.0,68943.0,79209.0,79215.0,-10251.0,-10272.0,-21.0
32,Legend Brothers,16632377:115320024,1970562405,1,loss,loss,68958.0,68943.0,79209.0,79215.0,-10251.0,-10272.0,-21.0
33,Ueddy,16623451:115318846,1150464986,0,loss,loss,73011.0,136254.0,152144.0,142691.0,-79133.0,-6437.0,72696.0
33,Ueddy,16623451:115318846,1150464986,1,loss,loss,73011.0,136254.0,152144.0,142691.0,-79133.0,-6437.0,72696.0
34,keiz,16767215:115322134,1440408940,0,win,win,143991.0,143998.0,115280.0,115236.0,28711.0,28762.0,51.0
34,keiz,16767215:115322134,1440408940,1,win,win,143991.0,143998.0,115280.0,115236.0,28711.0,28762.0,51.0
35,unreal,16806195:115321733,1194892936,0,win,win,151214.0,151194.0,87272.0,87292.0,63942.0,63902.0,-40.0
35,unreal,16806195:115321733,1194892936,1,win,win,151214.0,151194.0,87272.0,87292.0,63942.0,63902.0,-40.0
36,IsaiahP,16709127:115323637,1988376929,0,loss,loss,95182.0,95498.0,113388.0,113078.0,-18206.0,-17580.0,626.0
36,IsaiahP,16709127:115323637,1988376929,1,loss,loss,95182.0,95498.0,113388.0,113078.0,-18206.0,-17580.0,626.0
37,Christoffer Thimsen,16717665:115326098,1917456626,0,win,win,102163.0,102207.0,71488.0,71443.0,30675.0,30764.0,89.0
37,Christoffer Thimsen,16717665:115326098,1917456626,1,win,win,102163.0,102207.0,71488.0,71443.0,30675.0,30764.0,89.0
38,We wanna be tomatos,16632327:115320815,1961295638,0,loss,loss,142793.0,142759.0,158429.0,158470.0,-15636.0,-15711.0,-75.0
38,We wanna be tomatos,16632327:115320815,1961295638,1,loss,loss,142793.0,142759.0,158429.0,158470.0,-15636.0,-15711.0,-75.0
39,Densike,16660137:115320607,1063744429,0,win,win,165601.0,165579.0,99593.0,99619.0,66008.0,65960.0,-48.0
39,Densike,16660137:115320607,1063744429,1,win,win,165601.0,165579.0,99593.0,99619.0,66008.0,65960.0,-48.0
40,M & M & P & Q,16681125:115325624,406719979,0,loss,loss,64785.0,107993.0,126943.0,134287.0,-62158.0,-26294.0,35864.0
40,M & M & P & Q,16681125:115325624,406719979,1,loss,loss,64785.0,107993.0,126943.0,134287.0,-62158.0,-26294.0,35864.0
41,kwa,16739633:115325620,350408176,0,win,win,101290.0,101273.0,97872.0,97889.0,3418.0,3384.0,-34.0
41,kwa,16739633:115325620,350408176,1,win,win,101290.0,101273.0,97872.0,97889.0,3418.0,3384.0,-34.0
42,Kaggledew Valley 🏆,16633132:115326448,893903170,0,win,win,84035.0,84013.0,83904.0,83921.0,131.0,92.0,-39.0
42,Kaggledew Valley 🏆,16633132:115326448,893903170,1,win,win,84035.0,84013.0,83904.0,83921.0,131.0,92.0,-39.0
43,Paul Bryan Elefante,16794696:115323643,221677536,0,loss,loss,97400.0,97445.0,98438.0,98388.0,-1038.0,-943.0,95.0
43,Paul Bryan Elefante,16794696:115323643,221677536,1,loss,loss,97400.0,97445.0,98438.0,98388.0,-1038.0,-943.0,95.0
44,Orbital Terraformer,16675778:115324522,362365668,0,win,win,152701.0,152639.0,140317.0,140370.0,12384.0,12269.0,-115.0
44,Orbital Terraformer,16675778:115324522,362365668,1,win,win,152701.0,152639.0,140317.0,140370.0,12384.0,12269.0,-115.0
45,vvs,16754882:115325006,1879412911,0,loss,loss,92415.0,42514.0,101783.0,141521.0,-9368.0,-99007.0,-89639.0
45,vvs,16754882:115325006,1879412911,1,loss,loss,92415.0,42514.0,101783.0,141521.0,-9368.0,-99007.0,-89639.0
46,MAC,16735341:115321656,1443374033,0,loss,loss,104887.0,124132.0,106844.0,160769.0,-1957.0,-36637.0,-34680.0
46,MAC,16735341:115321656,1443374033,1,loss,loss,104529.0,124132.0,107438.0,160769.0,-2909.0,-36637.0,-33728.0
47,dodsters,16942123:115325783,1632098503,0,win,win,145864.0,145913.0,90688.0,90629.0,55176.0,55284.0,108.0
47,dodsters,16942123:115325783,1632098503,1,win,win,145864.0,145913.0,90688.0,90629.0,55176.0,55284.0,108.0
48,THIRD FARM CLUB,16730524:115323637,1988376929,0,win,win,113096.0,113117.0,102565.0,102547.0,10531.0,10570.0,39.0
48,THIRD FARM CLUB,16730524:115323637,1988376929,1,win,win,113096.0,113117.0,102565.0,102547.0,10531.0,10570.0,39.0
49,SpaTaro,16640510:115323112,363607200,0,win,win,95485.0,95484.0,89636.0,89630.0,5849.0,5854.0,5.0
49,SpaTaro,16640510:115323112,363607200,1,win,win,95485.0,95484.0,89636.0,89630.0,5849.0,5854.0,5.0
50,Attention Is All You Seed,16695046:115321605,2106183438,0,loss,loss,67693.0,67730.0,74997.0,74028.0,-7304.0,-6298.0,1006.0
50,Attention Is All You Seed,16695046:115321605,2106183438,1,loss,loss,67693.0,67730.0,74997.0,74028.0,-7304.0,-6298.0,1006.0
51,Aaweg,16658248:115325006,1879412911,0,win,win,162369.0,162364.0,52981.0,52982.0,109388.0,109382.0,-6.0
51,Aaweg,16658248:115325006,1879412911,1,win,win,162369.0,162364.0,52981.0,52982.0,109388.0,109382.0,-6.0
52,Ryo Hasegawa,16644287:115323672,1352609205,0,loss,loss,102933.0,102922.0,114739.0,114754.0,-11806.0,-11832.0,-26.0
52,Ryo Hasegawa,16644287:115323672,1352609205,1,loss,loss,102933.0,102922.0,114739.0,114754.0,-11806.0,-11832.0,-26.0
53,Otter Vibe,16760569:115322678,1843162677,0,loss,loss,103602.0,103792.0,118907.0,118727.0,-15305.0,-14935.0,370.0
53,Otter Vibe,16760569:115322678,1843162677,1,loss,loss,103055.0,103245.0,118411.0,118231.0,-15356.0,-14986.0,370.0
54,Syed Asad Ali,16685634:115324613,347129523,0,win,win,209801.0,209800.0,0.0,0.0,209801.0,209800.0,-1.0
54,Syed Asad Ali,16685634:115324613,347129523,1,win,win,221773.0,221772.0,0.0,0.0,221773.0,221772.0,-1.0
55,marwar22,16864314:115326343,1481973709,0,loss,loss,112105.0,112106.0,115987.0,115987.0,-3882.0,-3881.0,1.0
55,marwar22,16864314:115326343,1481973709,1,loss,loss,112105.0,112106.0,115987.0,115987.0,-3882.0,-3881.0,1.0
56,HayatoFujihara,16878533:115324436,1814592101,0,win,win,143459.0,143366.0,133459.0,133556.0,10000.0,9810.0,-190.0
56,HayatoFujihara,16878533:115324436,1814592101,1,win,win,143459.0,143366.0,133459.0,133556.0,10000.0,9810.0,-190.0
57,ShunkiKyoya,16743582:115324126,1525118767,0,loss,loss,119263.0,119308.0,161776.0,161734.0,-42513.0,-42426.0,87.0
57,ShunkiKyoya,16743582:115324126,1525118767,1,loss,loss,119255.0,119300.0,161829.0,161787.0,-42574.0,-42487.0,87.0
58,atsushi11o7,16730326:115324436,1814592101,0,win,win,134691.0,134694.0,103864.0,103856.0,30827.0,30838.0,11.0
58,atsushi11o7,16730326:115324436,1814592101,1,win,win,134691.0,134694.0,103864.0,103856.0,30827.0,30838.0,11.0
59,Planned Economy,16685950:115326356,311873662,0,win,win,140879.0,140861.0,138208.0,138224.0,2671.0,2637.0,-34.0
59,Planned Economy,16685950:115326356,311873662,1,win,win,140879.0,140861.0,138208.0,138224.0,2671.0,2637.0,-34.0
60,TheEggman,16887437:115325564,885995011,0,loss,win,72731.0,150594.0,131640.0,119139.0,-58909.0,31455.0,90364.0
60,TheEggman,16887437:115325564,885995011,1,loss,win,72731.0,150594.0,131640.0,119139.0,-58909.0,31455.0,90364.0
61,アナコンダ,16736838:115323582,2102138038,0,win,win,140427.0,140445.0,81252.0,81233.0,59175.0,59212.0,37.0
61,アナコンダ,16736838:115323582,2102138038,1,win,win,140427.0,140445.0,81252.0,81233.0,59175.0,59212.0,37.0
62,xiy lin,16660281:115325479,812735970,0,loss,loss,59226.0,59015.0,83251.0,83452.0,-24025.0,-24437.0,-412.0
62,xiy lin,16660281:115325479,812735970,1,loss,loss,59226.0,59015.0,83251.0,83452.0,-24025.0,-24437.0,-412.0
63,flg,16763230:115325624,406719979,0,win,win,178115.0,178098.0,80136.0,80154.0,97979.0,97944.0,-35.0
63,flg,16763230:115325624,406719979,1,win,win,178115.0,178098.0,80136.0,80154.0,97979.0,97944.0,-35.0
64,Lucien de Rubempre,16630675:115322988,710537860,0,loss,loss,44298.0,44304.0,115503.0,115501.0,-71205.0,-71197.0,8.0
64,Lucien de Rubempre,16630675:115322988,710537860,1,loss,loss,44298.0,44304.0,115503.0,115501.0,-71205.0,-71197.0,8.0
65,hugghngkai,16803103:115325658,443252242,0,loss,loss,77442.0,77493.0,86285.0,86250.0,-8843.0,-8757.0,86.0
65,hugghngkai,16803103:115325658,443252242,1,loss,loss,77442.0,77493.0,86285.0,86250.0,-8843.0,-8757.0,86.0
66,WarRusher,16668998:115321471,1651324184,0,win,win,144487.0,144532.0,49812.0,49789.0,94675.0,94743.0,68.0
66,WarRusher,16668998:115321471,1651324184,1,win,win,144487.0,144532.0,49812.0,49789.0,94675.0,94743.0,68.0
67,Dipam Chakraborty,16811917:115326245,1202037741,0,win,win,122012.0,101320.0,54609.0,82028.0,67403.0,19292.0,-48111.0
67,Dipam Chakraborty,16811917:115326245,1202037741,1,win,win,121468.0,101320.0,54134.0,82028.0,67334.0,19292.0,-48042.0
68,3정훈,16723620:115321858,973921798,0,win,win,103202.0,103211.0,101671.0,101660.0,1531.0,1551.0,20.0
68,3정훈,16723620:115321858,973921798,1,win,win,103202.0,103211.0,101671.0,101660.0,1531.0,1551.0,20.0
69,by,16740405:115324677,1370537708,0,win,win,107746.0,107703.0,91071.0,91104.0,16675.0,16599.0,-76.0
69,by,16740405:115324677,1370537708,1,win,win,107746.0,107703.0,91071.0,91104.0,16675.0,16599.0,-76.0
70,Pico,16754022:115322273,2053729380,0,win,win,101890.0,101926.0,99990.0,99996.0,1900.0,1930.0,30.0
70,Pico,16754022:115322273,2053729380,1,win,win,101890.0,101926.0,99990.0,99996.0,1900.0,1930.0,30.0
71,Xiangyu Liu,16706222:115326077,523638871,0,win,win,212832.0,213271.0,0.0,9.0,212832.0,213262.0,430.0
71,Xiangyu Liu,16706222:115326077,523638871,1,win,win,212832.0,213271.0,0.0,9.0,212832.0,213262.0,430.0
72,forever young,16629972:115320828,1061538137,0,win,win,129295.0,129310.0,118226.0,118214.0,11069.0,11096.0,27.0
72,forever young,16629972:115320828,1061538137,1,win,win,129295.0,129310.0,118226.0,118214.0,11069.0,11096.0,27.0
73,azamat1ch,16913723:115322923,947330361,0,win,win,84941.0,120638.0,82592.0,94763.0,2349.0,25875.0,23526.0
73,azamat1ch,16913723:115322923,947330361,1,win,win,84941.0,120638.0,82592.0,94763.0,2349.0,25875.0,23526.0
74,❄️ Cole Palmer ❄️,16670221:115326448,893903170,0,loss,loss,49110.0,49114.0,102805.0,102800.0,-53695.0,-53686.0,9.0
74,❄️ Cole Palmer ❄️,16670221:115326448,893903170,1,loss,loss,49110.0,49114.0,102805.0,102800.0,-53695.0,-53686.0,9.0
75,pensukesan,16748173:115326371,51199843,0,win,win,123369.0,123380.0,101839.0,101829.0,21530.0,21551.0,21.0
75,pensukesan,16748173:115326371,51199843,1,win,win,123369.0,123380.0,101839.0,101829.0,21530.0,21551.0,21.0
76,arutyunoff,16926467:115325912,1474698560,0,loss,win,94100.0,94951.0,94677.0,93854.0,-577.0,1097.0,1674.0
76,arutyunoff,16926467:115325912,1474698560,1,loss,win,94100.0,94951.0,94677.0,93854.0,-577.0,1097.0,1674.0
77,Arjun Vinod,16731443:115320702,315388749,0,loss,loss,84145.0,84088.0,92106.0,92159.0,-7961.0,-8071.0,-110.0
77,Arjun Vinod,16731443:115320702,315388749,1,loss,loss,84145.0,84088.0,92106.0,92159.0,-7961.0,-8071.0,-110.0
78,Yannik Schiffner,16760701:115326090,919648492,0,win,win,103860.0,103925.0,103373.0,103300.0,487.0,625.0,138.0
78,Yannik Schiffner,16760701:115326090,919648492,1,win,win,103860.0,103925.0,103373.0,103300.0,487.0,625.0,138.0
79,Kucing Garong,16799266:115323685,1512046450,0,win,win,90066.0,90048.0,70717.0,70745.0,19349.0,19303.0,-46.0
79,Kucing Garong,16799266:115323685,1512046450,1,win,win,90066.0,90048.0,70717.0,70745.0,19349.0,19303.0,-46.0
80,ymg_aq,16732403:115326048,705786050,0,win,win,102576.0,102763.0,83929.0,83735.0,18647.0,19028.0,381.0
80,ymg_aq,16732403:115326048,705786050,1,win,win,102576.0,102763.0,83929.0,83735.0,18647.0,19028.0,381.0
81,madmax0404,16645703:115325993,81668209,0,win,win,147781.0,147816.0,113227.0,113194.0,34554.0,34622.0,68.0
81,madmax0404,16645703:115325993,81668209,1,win,win,147781.0,147816.0,113227.0,113194.0,34554.0,34622.0,68.0
82,Crop Dustas,16714457:115323686,952289473,0,win,win,126899.0,126980.0,109473.0,109411.0,17426.0,17569.0,143.0
82,Crop Dustas,16714457:115323686,952289473,1,win,win,126899.0,126980.0,109473.0,109411.0,17426.0,17569.0,143.0
83,叫啥,16690867:115322139,195613866,0,win,win,94404.0,94452.0,78261.0,78227.0,16143.0,16225.0,82.0
83,叫啥,16690867:115322139,195613866,1,win,win,94404.0,94452.0,78261.0,78227.0,16143.0,16225.0,82.0
84,kibuna,16779451:115326356,311873662,0,loss,loss,136083.0,136110.0,136512.0,136488.0,-429.0,-378.0,51.0
84,kibuna,16779451:115326356,311873662,1,loss,loss,136083.0,136110.0,136512.0,136488.0,-429.0,-378.0,51.0
85,len8487,16623466:115327032,1230045450,0,win,win,118609.0,118625.0,113059.0,113048.0,5550.0,5577.0,27.0
85,len8487,16623466:115327032,1230045450,1,win,win,118609.0,118625.0,113059.0,113048.0,5550.0,5577.0,27.0
86,Lebxgue.,16671376:115320459,1139171090,0,win,win,132398.0,132425.0,125906.0,125877.0,6492.0,6548.0,56.0
86,Lebxgue.,16671376:115320459,1139171090,1,win,win,132398.0,132425.0,125906.0,125877.0,6492.0,6548.0,56.0
87,Yaroslav,16621590:115324709,1727864923,0,win,win,95463.0,95439.0,82073.0,82083.0,13390.0,13356.0,-34.0
87,Yaroslav,16621590:115324709,1727864923,1,win,win,95463.0,95439.0,82073.0,82083.0,13390.0,13356.0,-34.0
88,daulettoibazar,16732879:115326031,1416097935,0,win,win,84565.0,84569.0,82854.0,82853.0,1711.0,1716.0,5.0
88,daulettoibazar,16732879:115326031,1416097935,1,win,win,84565.0,84569.0,82854.0,82853.0,1711.0,1716.0,5.0
89,elmo,16811307:115326343,1481973709,0,loss,loss,118017.0,117998.0,127371.0,127390.0,-9354.0,-9392.0,-38.0
89,elmo,16811307:115326343,1481973709,1,loss,loss,118017.0,117998.0,127371.0,127390.0,-9354.0,-9392.0,-38.0
90,Nakano,16691451:115320743,1700511965,0,win,win,133957.0,133958.0,36974.0,36974.0,96983.0,96984.0,1.0
90,Nakano,16691451:115320743,1700511965,1,win,win,133957.0,133958.0,36974.0,36974.0,96983.0,96984.0,1.0
91,Alan C52,16690820:115324274,37740186,0,win,win,150862.0,150871.0,76422.0,76422.0,74440.0,74449.0,9.0
91,Alan C52,16690820:115324274,37740186,1,win,win,150862.0,150871.0,76422.0,76422.0,74440.0,74449.0,9.0
92,cununn,16796574:115325993,81668209,0,win,win,196818.0,196811.0,7287.0,7363.0,189531.0,189448.0,-83.0
92,cununn,16796574:115325993,81668209,1,win,win,196818.0,196811.0,7287.0,7363.0,189531.0,189448.0,-83.0
93,Black Mamba Farm,16630825:115322230,350698879,0,win,win,181090.0,181090.0,0.0,0.0,181090.0,181090.0,0.0
93,Black Mamba Farm,16630825:115322230,350698879,1,win,win,181090.0,181090.0,0.0,0.0,181090.0,181090.0,0.0
94,RS Turley,16672709:115325060,1310951805,0,win,win,132481.0,155213.0,117985.0,120522.0,14496.0,34691.0,20195.0
94,RS Turley,16672709:115325060,1310951805,1,win,win,132481.0,155213.0,117985.0,120522.0,14496.0,34691.0,20195.0
95,Excluding,16671741:115324175,991968003,0,loss,loss,117125.0,117018.0,131267.0,131398.0,-14142.0,-14380.0,-238.0
95,Excluding,16671741:115324175,991968003,1,loss,loss,117125.0,117018.0,131267.0,131398.0,-14142.0,-14380.0,-238.0
96,ready or not here i come,16784691:115326882,788569966,0,loss,loss,78072.0,78030.0,81985.0,82032.0,-3913.0,-4002.0,-89.0
96,ready or not here i come,16784691:115326882,788569966,1,loss,loss,78072.0,78030.0,81985.0,82032.0,-3913.0,-4002.0,-89.0
97,feel the agi,16805699:115323685,1512046450,0,loss,loss,82269.0,82257.0,98613.0,98601.0,-16344.0,-16344.0,0.0
97,feel the agi,16805699:115323685,1512046450,1,loss,loss,82269.0,82257.0,98613.0,98601.0,-16344.0,-16344.0,0.0
98,high frequency farming,16688294:115324999,975370044,0,win,win,131532.0,131532.0,62828.0,62829.0,68704.0,68703.0,-1.0
98,high frequency farming,16688294:115324999,975370044,1,win,win,132554.0,132554.0,62656.0,62659.0,69898.0,69895.0,-3.0
99,sekai013,16752196:115325821,1093027994,0,win,win,198236.0,198219.0,25842.0,25857.0,172394.0,172362.0,-32.0
99,sekai013,16752196:115325821,1093027994,1,win,win,198236.0,198219.0,25842.0,25857.0,172394.0,172362.0,-32.0
100,Aguacates,16944414:115325688,557311631,0,loss,loss,137833.0,137847.0,146032.0,146021.0,-8199.0,-8174.0,25.0
100,Aguacates,16944414:115325688,557311631,1,loss,loss,137833.0,137847.0,146032.0,146021.0,-8199.0,-8174.0,25.0
