phase,job_id,version,rank,team,rival,seed,candidate_seat,candidate_sha256,candidate_reward,opponent_reward,margin,result,frames,candidate_status,opponent_status,candidate_nonpass_worker_calls,candidate_no_effect_worker_calls,max_candidate_call_seconds,error
screen,baseline:36000001:v35:0,baseline,,,v35,36000001,0,4ea1d89ac99758c6219bcd7d07b729de4dc5836260a25037ca973343b46c6289,114485.0,102578.0,11907.0,win,720,DONE,DONE,5913,0,0.7971866999869235,
screen,baseline:36000001:v35:1,baseline,,,v35,36000001,1,4ea1d89ac99758c6219bcd7d07b729de4dc5836260a25037ca973343b46c6289,114485.0,102578.0,11907.0,win,720,DONE,DONE,5913,0,0.8710951000102796,
screen,baseline:36000001:bbff:0,baseline,,,bbff,36000001,0,4ea1d89ac99758c6219bcd7d07b729de4dc5836260a25037ca973343b46c6289,89720.0,89708.0,12.0,win,720,DONE,DONE,5913,0,1.0108038000180386,
screen,baseline:36000001:bbff:1,baseline,,,bbff,36000001,1,4ea1d89ac99758c6219bcd7d07b729de4dc5836260a25037ca973343b46c6289,89720.0,89708.0,12.0,win,720,DONE,DONE,5913,0,0.9373267999908421,
screen,baseline:36000001:4ea:1,baseline,,,4ea,36000001,1,4ea1d89ac99758c6219bcd7d07b729de4dc5836260a25037ca973343b46c6289,89714.0,89714.0,0.0,draw,720,DONE,DONE,5913,0,0.869151699997019,
screen,baseline:36000001:4ea:0,baseline,,,4ea,36000001,0,4ea1d89ac99758c6219bcd7d07b729de4dc5836260a25037ca973343b46c6289,89714.0,89714.0,0.0,draw,720,DONE,DONE,5913,0,1.0491374999983236,
screen,baseline:36000002:v35:0,baseline,,,v35,36000002,0,4ea1d89ac99758c6219bcd7d07b729de4dc5836260a25037ca973343b46c6289,157476.0,157095.0,381.0,win,720,DONE,DONE,6155,0,1.5684503999946173,
screen,baseline:36000002:v35:1,baseline,,,v35,36000002,1,4ea1d89ac99758c6219bcd7d07b729de4dc5836260a25037ca973343b46c6289,157476.0,157095.0,381.0,win,720,DONE,DONE,6155,0,1.5453504000033718,
screen,baseline:36000002:4ea:0,baseline,,,4ea,36000002,0,4ea1d89ac99758c6219bcd7d07b729de4dc5836260a25037ca973343b46c6289,142927.0,142927.0,0.0,draw,720,DONE,DONE,6155,0,0.9083638999727555,
screen,baseline:36000002:4ea:1,baseline,,,4ea,36000002,1,4ea1d89ac99758c6219bcd7d07b729de4dc5836260a25037ca973343b46c6289,142927.0,142927.0,0.0,draw,720,DONE,DONE,6155,0,1.3624931999947876,
screen,baseline:36000002:bbff:0,baseline,,,bbff,36000002,0,4ea1d89ac99758c6219bcd7d07b729de4dc5836260a25037ca973343b46c6289,143192.0,142628.0,564.0,win,720,DONE,DONE,6155,0,1.7468778000038583,
screen,baseline:36000002:bbff:1,baseline,,,bbff,36000002,1,4ea1d89ac99758c6219bcd7d07b729de4dc5836260a25037ca973343b46c6289,143192.0,142628.0,564.0,win,720,DONE,DONE,6155,0,1.7174483999842778,
screen,baseline:36000003:v35:0,baseline,,,v35,36000003,0,4ea1d89ac99758c6219bcd7d07b729de4dc5836260a25037ca973343b46c6289,129237.0,110049.0,19188.0,win,720,DONE,DONE,6468,0,1.4154533999972045,
screen,baseline:36000003:v35:1,baseline,,,v35,36000003,1,4ea1d89ac99758c6219bcd7d07b729de4dc5836260a25037ca973343b46c6289,129237.0,110049.0,19188.0,win,720,DONE,DONE,6468,0,1.3943729000166059,
screen,baseline:36000003:4ea:0,baseline,,,4ea,36000003,0,4ea1d89ac99758c6219bcd7d07b729de4dc5836260a25037ca973343b46c6289,131918.0,131918.0,0.0,draw,720,DONE,DONE,6468,0,0.9152727999899071,
screen,baseline:36000003:4ea:1,baseline,,,4ea,36000003,1,4ea1d89ac99758c6219bcd7d07b729de4dc5836260a25037ca973343b46c6289,131918.0,131918.0,0.0,draw,720,DONE,DONE,6468,0,0.8554072999977507,
screen,baseline:36000003:bbff:0,baseline,,,bbff,36000003,0,4ea1d89ac99758c6219bcd7d07b729de4dc5836260a25037ca973343b46c6289,131931.0,131912.0,19.0,win,720,DONE,DONE,6468,0,1.5856222999864258,
screen,baseline:36000003:bbff:1,baseline,,,bbff,36000003,1,4ea1d89ac99758c6219bcd7d07b729de4dc5836260a25037ca973343b46c6289,131931.0,131912.0,19.0,win,720,DONE,DONE,6468,0,1.5309282000234816,
screen,baseline:36000004:v35:0,baseline,,,v35,36000004,0,4ea1d89ac99758c6219bcd7d07b729de4dc5836260a25037ca973343b46c6289,145533.0,139621.0,5912.0,win,720,DONE,DONE,5913,0,1.8661771999904886,
screen,baseline:36000004:v35:1,baseline,,,v35,36000004,1,4ea1d89ac99758c6219bcd7d07b729de4dc5836260a25037ca973343b46c6289,145533.0,139621.0,5912.0,win,720,DONE,DONE,5913,0,1.7559635000070557,
screen,baseline:36000004:4ea:0,baseline,,,4ea,36000004,0,4ea1d89ac99758c6219bcd7d07b729de4dc5836260a25037ca973343b46c6289,109738.0,109738.0,0.0,draw,720,DONE,DONE,5913,0,1.0587185000185855,
screen,baseline:36000004:bbff:0,baseline,,,bbff,36000004,0,4ea1d89ac99758c6219bcd7d07b729de4dc5836260a25037ca973343b46c6289,109743.0,109734.0,9.0,win,720,DONE,DONE,5913,0,1.437085700017633,
screen,baseline:36000004:bbff:1,baseline,,,bbff,36000004,1,4ea1d89ac99758c6219bcd7d07b729de4dc5836260a25037ca973343b46c6289,109743.0,109734.0,9.0,win,720,DONE,DONE,5913,0,1.8117563000123482,
screen,baseline:36000004:4ea:1,baseline,,,4ea,36000004,1,4ea1d89ac99758c6219bcd7d07b729de4dc5836260a25037ca973343b46c6289,109738.0,109738.0,0.0,draw,720,DONE,DONE,5913,0,0.8882870999805164,
screen,belief:36000001:v35:1,belief,,,v35,36000001,1,3dac2a8c38bded21dec77b17b5b12c37c1b9a11e5b50e1f4c8a469320b279446,114485.0,102578.0,11907.0,win,720,DONE,DONE,5913,0,0.8798815000045579,
screen,belief:36000001:v35:0,belief,,,v35,36000001,0,3dac2a8c38bded21dec77b17b5b12c37c1b9a11e5b50e1f4c8a469320b279446,114485.0,102578.0,11907.0,win,720,DONE,DONE,5913,0,0.9307258000189904,
screen,belief:36000001:bbff:1,belief,,,bbff,36000001,1,3dac2a8c38bded21dec77b17b5b12c37c1b9a11e5b50e1f4c8a469320b279446,89718.0,89710.0,8.0,win,720,DONE,DONE,5913,0,1.048478700016858,
screen,belief:36000001:bbff:0,belief,,,bbff,36000001,0,3dac2a8c38bded21dec77b17b5b12c37c1b9a11e5b50e1f4c8a469320b279446,89718.0,89710.0,8.0,win,720,DONE,DONE,5913,0,1.0323245000035968,
screen,belief:36000001:4ea:1,belief,,,4ea,36000001,1,3dac2a8c38bded21dec77b17b5b12c37c1b9a11e5b50e1f4c8a469320b279446,89712.0,89718.0,-6.0,loss,720,DONE,DONE,5913,0,0.8088209000125062,
screen,belief:36000001:4ea:0,belief,,,4ea,36000001,0,3dac2a8c38bded21dec77b17b5b12c37c1b9a11e5b50e1f4c8a469320b279446,89712.0,89718.0,-6.0,loss,720,DONE,DONE,5913,0,0.8339708999847062,
screen,belief:36000002:v35:0,belief,,,v35,36000002,0,3dac2a8c38bded21dec77b17b5b12c37c1b9a11e5b50e1f4c8a469320b279446,157480.0,157091.0,389.0,win,720,DONE,DONE,6155,0,1.2659635999880265,
screen,belief:36000002:v35:1,belief,,,v35,36000002,1,3dac2a8c38bded21dec77b17b5b12c37c1b9a11e5b50e1f4c8a469320b279446,157480.0,157091.0,389.0,win,720,DONE,DONE,6155,0,1.2869934000191279,
screen,belief:36000002:4ea:0,belief,,,4ea,36000002,0,3dac2a8c38bded21dec77b17b5b12c37c1b9a11e5b50e1f4c8a469320b279446,142682.0,143128.0,-446.0,loss,720,DONE,DONE,6155,0,0.8592670999933034,
screen,belief:36000002:4ea:1,belief,,,4ea,36000002,1,3dac2a8c38bded21dec77b17b5b12c37c1b9a11e5b50e1f4c8a469320b279446,142682.0,143128.0,-446.0,loss,720,DONE,DONE,6155,0,1.7172248999995645,
screen,belief:36000002:bbff:0,belief,,,bbff,36000002,0,3dac2a8c38bded21dec77b17b5b12c37c1b9a11e5b50e1f4c8a469320b279446,142977.0,142863.0,114.0,win,720,DONE,DONE,6155,0,1.5348460999957751,
screen,belief:36000002:bbff:1,belief,,,bbff,36000002,1,3dac2a8c38bded21dec77b17b5b12c37c1b9a11e5b50e1f4c8a469320b279446,142977.0,142863.0,114.0,win,720,DONE,DONE,6155,0,2.476143799984129,
screen,feed:36000001:v35:0,feed,,,v35,36000001,0,0ea6214cdc9ce360cc0829dfbcef054297558a3542e3051a1303c1e2dcf95062,113161.0,102751.0,10410.0,win,720,DONE,DONE,5913,0,2.2997241000120994,
screen,feed:36000001:4ea:0,feed,,,4ea,36000001,0,0ea6214cdc9ce360cc0829dfbcef054297558a3542e3051a1303c1e2dcf95062,89457.0,89673.0,-216.0,loss,720,DONE,DONE,5913,6,2.269676600000821,
screen,feed:36000001:v35:1,feed,,,v35,36000001,1,0ea6214cdc9ce360cc0829dfbcef054297558a3542e3051a1303c1e2dcf95062,113161.0,102751.0,10410.0,win,720,DONE,DONE,5913,0,1.4748010000039358,
screen,feed:36000001:4ea:1,feed,,,4ea,36000001,1,0ea6214cdc9ce360cc0829dfbcef054297558a3542e3051a1303c1e2dcf95062,89457.0,89673.0,-216.0,loss,720,DONE,DONE,5913,6,1.3470429000153672,
screen,feed:36000001:bbff:0,feed,,,bbff,36000001,0,0ea6214cdc9ce360cc0829dfbcef054297558a3542e3051a1303c1e2dcf95062,89470.0,89658.0,-188.0,loss,720,DONE,DONE,5913,6,1.9120119999861345,
screen,feed:36000001:bbff:1,feed,,,bbff,36000001,1,0ea6214cdc9ce360cc0829dfbcef054297558a3542e3051a1303c1e2dcf95062,89470.0,89658.0,-188.0,loss,720,DONE,DONE,5913,6,2.5882666000106838,
screen,feed:36000002:v35:0,feed,,,v35,36000002,0,0ea6214cdc9ce360cc0829dfbcef054297558a3542e3051a1303c1e2dcf95062,150782.0,157696.0,-6914.0,loss,720,DONE,DONE,6153,17,1.459683099994436,
screen,feed:36000002:v35:1,feed,,,v35,36000002,1,0ea6214cdc9ce360cc0829dfbcef054297558a3542e3051a1303c1e2dcf95062,150782.0,157696.0,-6914.0,loss,720,DONE,DONE,6153,17,1.5005610999942292,
screen,feed:36000002:bbff:0,feed,,,bbff,36000002,0,0ea6214cdc9ce360cc0829dfbcef054297558a3542e3051a1303c1e2dcf95062,137708.0,144210.0,-6502.0,loss,720,DONE,DONE,6152,47,1.6848019000026397,
screen,feed:36000002:bbff:1,feed,,,bbff,36000002,1,0ea6214cdc9ce360cc0829dfbcef054297558a3542e3051a1303c1e2dcf95062,137708.0,144210.0,-6502.0,loss,720,DONE,DONE,6152,47,1.7681430999946315,
screen,feed:36000002:4ea:0,feed,,,4ea,36000002,0,0ea6214cdc9ce360cc0829dfbcef054297558a3542e3051a1303c1e2dcf95062,137498.0,144401.0,-6903.0,loss,720,DONE,DONE,6152,47,1.4076904999965336,
screen,feed:36000002:4ea:1,feed,,,4ea,36000002,1,0ea6214cdc9ce360cc0829dfbcef054297558a3542e3051a1303c1e2dcf95062,137498.0,144401.0,-6903.0,loss,720,DONE,DONE,6152,47,1.2687359999981709,
screen,accounting:36000001:4ea:0,accounting,,,4ea,36000001,0,e58258690e4b43b02ad8681d0eb8a287416ea84c2f85e858c8a46c0ec65555d2,36655.0,153663.0,-117008.0,loss,720,DONE,DONE,5968,1695,1.001672199985478,
screen,accounting:36000001:4ea:1,accounting,,,4ea,36000001,1,e58258690e4b43b02ad8681d0eb8a287416ea84c2f85e858c8a46c0ec65555d2,36655.0,153663.0,-117008.0,loss,720,DONE,DONE,5968,1695,1.3344715999846812,
screen,accounting:36000001:v35:0,accounting,,,v35,36000001,0,e58258690e4b43b02ad8681d0eb8a287416ea84c2f85e858c8a46c0ec65555d2,39578.0,163102.0,-123524.0,loss,720,DONE,DONE,5971,1736,1.4570813000027556,
screen,accounting:36000001:v35:1,accounting,,,v35,36000001,1,e58258690e4b43b02ad8681d0eb8a287416ea84c2f85e858c8a46c0ec65555d2,39578.0,163102.0,-123524.0,loss,720,DONE,DONE,5971,1737,1.3685538000136148,
screen,accounting:36000001:bbff:0,accounting,,,bbff,36000001,0,e58258690e4b43b02ad8681d0eb8a287416ea84c2f85e858c8a46c0ec65555d2,49283.0,178510.0,-129227.0,loss,720,DONE,DONE,5971,1685,1.6682296000071801,
screen,accounting:36000001:bbff:1,accounting,,,bbff,36000001,1,e58258690e4b43b02ad8681d0eb8a287416ea84c2f85e858c8a46c0ec65555d2,49283.0,178510.0,-129227.0,loss,720,DONE,DONE,5971,1685,1.8701973999850452,
screen,accounting:36000002:v35:0,accounting,,,v35,36000002,0,e58258690e4b43b02ad8681d0eb8a287416ea84c2f85e858c8a46c0ec65555d2,40747.0,132128.0,-91381.0,loss,720,DONE,DONE,5932,1746,1.6370774999959394,
screen,accounting:36000002:v35:1,accounting,,,v35,36000002,1,e58258690e4b43b02ad8681d0eb8a287416ea84c2f85e858c8a46c0ec65555d2,40747.0,132128.0,-91381.0,loss,720,DONE,DONE,5932,1746,1.4698508000001311,
screen,accounting:36000002:4ea:0,accounting,,,4ea,36000002,0,e58258690e4b43b02ad8681d0eb8a287416ea84c2f85e858c8a46c0ec65555d2,41870.0,140100.0,-98230.0,loss,720,DONE,DONE,5935,1728,2.024013999995077,
screen,accounting:36000002:4ea:1,accounting,,,4ea,36000002,1,e58258690e4b43b02ad8681d0eb8a287416ea84c2f85e858c8a46c0ec65555d2,42505.0,141127.0,-98622.0,loss,720,DONE,DONE,5935,1715,1.0017912999901455,
screen,accounting:36000002:bbff:0,accounting,,,bbff,36000002,0,e58258690e4b43b02ad8681d0eb8a287416ea84c2f85e858c8a46c0ec65555d2,41881.0,140092.0,-98211.0,loss,720,DONE,DONE,5935,1728,0.9770925999910105,
screen,accounting:36000002:bbff:1,accounting,,,bbff,36000002,1,e58258690e4b43b02ad8681d0eb8a287416ea84c2f85e858c8a46c0ec65555d2,42517.0,141112.0,-98595.0,loss,720,DONE,DONE,5935,1715,1.6727854000055231,
screen,dynamic:36000001:v35:0,dynamic,,,v35,36000001,0,fbc33ded368f02ad4df2ff7657a8cd8d0d386ecd11bf3c35e80d02f98feb32dc,27915.0,111594.0,-83679.0,loss,720,DONE,DONE,5985,0,1.0611953999905381,
screen,dynamic:36000001:v35:1,dynamic,,,v35,36000001,1,fbc33ded368f02ad4df2ff7657a8cd8d0d386ecd11bf3c35e80d02f98feb32dc,26448.0,111207.0,-84759.0,loss,720,DONE,DONE,5902,0,1.5586300999857485,
screen,dynamic:36000001:bbff:1,dynamic,,,bbff,36000001,1,fbc33ded368f02ad4df2ff7657a8cd8d0d386ecd11bf3c35e80d02f98feb32dc,52311.0,105138.0,-52827.0,loss,720,DONE,DONE,5898,0,2.2133052999852225,
screen,dynamic:36000001:bbff:0,dynamic,,,bbff,36000001,0,fbc33ded368f02ad4df2ff7657a8cd8d0d386ecd11bf3c35e80d02f98feb32dc,52311.0,105138.0,-52827.0,loss,720,DONE,DONE,5898,0,2.1014381000131834,
screen,dynamic:36000001:4ea:0,dynamic,,,4ea,36000001,0,fbc33ded368f02ad4df2ff7657a8cd8d0d386ecd11bf3c35e80d02f98feb32dc,52311.0,105139.0,-52828.0,loss,720,DONE,DONE,5898,0,0.7048896000196692,
screen,dynamic:36000001:4ea:1,dynamic,,,4ea,36000001,1,fbc33ded368f02ad4df2ff7657a8cd8d0d386ecd11bf3c35e80d02f98feb32dc,52311.0,105139.0,-52828.0,loss,720,DONE,DONE,5898,0,1.2821919999842066,
screen,dynamic:36000002:v35:0,dynamic,,,v35,36000002,0,fbc33ded368f02ad4df2ff7657a8cd8d0d386ecd11bf3c35e80d02f98feb32dc,48538.0,141936.0,-93398.0,loss,720,DONE,DONE,6125,0,1.39481229998637,
screen,dynamic:36000002:v35:1,dynamic,,,v35,36000002,1,fbc33ded368f02ad4df2ff7657a8cd8d0d386ecd11bf3c35e80d02f98feb32dc,48538.0,141936.0,-93398.0,loss,720,DONE,DONE,6125,0,1.4194947000069078,
screen,dynamic:36000002:4ea:0,dynamic,,,4ea,36000002,0,fbc33ded368f02ad4df2ff7657a8cd8d0d386ecd11bf3c35e80d02f98feb32dc,57673.0,154972.0,-97299.0,loss,720,DONE,DONE,6285,0,0.7179747000045609,
screen,dynamic:36000002:4ea:1,dynamic,,,4ea,36000002,1,fbc33ded368f02ad4df2ff7657a8cd8d0d386ecd11bf3c35e80d02f98feb32dc,57673.0,154972.0,-97299.0,loss,720,DONE,DONE,6285,0,1.4824144000012893,
screen,dynamic:36000002:bbff:0,dynamic,,,bbff,36000002,0,fbc33ded368f02ad4df2ff7657a8cd8d0d386ecd11bf3c35e80d02f98feb32dc,57673.0,154972.0,-97299.0,loss,720,DONE,DONE,6285,0,1.863738000014564,
screen,dynamic:36000002:bbff:1,dynamic,,,bbff,36000002,1,fbc33ded368f02ad4df2ff7657a8cd8d0d386ecd11bf3c35e80d02f98feb32dc,57673.0,154972.0,-97299.0,loss,720,DONE,DONE,6285,0,1.806598999974085,
screen,endgame:36000001:v35:0,endgame,,,v35,36000001,0,3a145bfa4e048fb2de3db28e4cedc8b79149335f592e0d9903ffd1bfb4c6f5b1,111101.0,102408.0,8693.0,win,720,DONE,DONE,5929,0,1.429184400010854,
screen,endgame:36000001:v35:1,endgame,,,v35,36000001,1,3a145bfa4e048fb2de3db28e4cedc8b79149335f592e0d9903ffd1bfb4c6f5b1,111101.0,102408.0,8693.0,win,720,DONE,DONE,5929,0,1.5768732000142336,
screen,endgame:36000001:bbff:0,endgame,,,bbff,36000001,0,3a145bfa4e048fb2de3db28e4cedc8b79149335f592e0d9903ffd1bfb4c6f5b1,86994.0,87037.0,-43.0,loss,720,DONE,DONE,5927,0,2.741233100008685,
screen,endgame:36000001:4ea:0,endgame,,,4ea,36000001,0,3a145bfa4e048fb2de3db28e4cedc8b79149335f592e0d9903ffd1bfb4c6f5b1,86988.0,87043.0,-55.0,loss,720,DONE,DONE,5927,0,1.0852889999805484,
screen,endgame:36000001:4ea:1,endgame,,,4ea,36000001,1,3a145bfa4e048fb2de3db28e4cedc8b79149335f592e0d9903ffd1bfb4c6f5b1,86988.0,87043.0,-55.0,loss,720,DONE,DONE,5927,0,1.6638694999855943,
screen,endgame:36000001:bbff:1,endgame,,,bbff,36000001,1,3a145bfa4e048fb2de3db28e4cedc8b79149335f592e0d9903ffd1bfb4c6f5b1,86994.0,87037.0,-43.0,loss,720,DONE,DONE,5927,0,1.7261616000032518,
screen,endgame:36000002:v35:0,endgame,,,v35,36000002,0,3a145bfa4e048fb2de3db28e4cedc8b79149335f592e0d9903ffd1bfb4c6f5b1,151604.0,156812.0,-5208.0,loss,720,DONE,DONE,6191,0,1.252492200001143,
screen,endgame:36000002:v35:1,endgame,,,v35,36000002,1,3a145bfa4e048fb2de3db28e4cedc8b79149335f592e0d9903ffd1bfb4c6f5b1,151604.0,156812.0,-5208.0,loss,720,DONE,DONE,6191,0,1.2554174000106286,
screen,endgame:36000002:bbff:0,endgame,,,bbff,36000002,0,3a145bfa4e048fb2de3db28e4cedc8b79149335f592e0d9903ffd1bfb4c6f5b1,140004.0,140159.0,-155.0,loss,720,DONE,DONE,6225,0,1.6546517999959178,
screen,endgame:36000002:4ea:0,endgame,,,4ea,36000002,0,3a145bfa4e048fb2de3db28e4cedc8b79149335f592e0d9903ffd1bfb4c6f5b1,139949.0,140219.0,-270.0,loss,720,DONE,DONE,6225,0,1.0734808999986853,
screen,endgame:36000002:4ea:1,endgame,,,4ea,36000002,1,3a145bfa4e048fb2de3db28e4cedc8b79149335f592e0d9903ffd1bfb4c6f5b1,139949.0,140219.0,-270.0,loss,720,DONE,DONE,6225,0,1.4969000999990385,
screen,endgame:36000002:bbff:1,endgame,,,bbff,36000002,1,3a145bfa4e048fb2de3db28e4cedc8b79149335f592e0d9903ffd1bfb4c6f5b1,140004.0,140159.0,-155.0,loss,720,DONE,DONE,6225,0,1.4689833000011276,
screen,combined:36000001:v35:0,combined,,,v35,36000001,0,99297cb64063376f99c8b64bd0fa598ed81cf826f3f51498726bf2982ab4961f,46704.0,114105.0,-67401.0,loss,720,DONE,DONE,6499,0,2.3815874999854714,
screen,combined:36000001:v35:1,combined,,,v35,36000001,1,99297cb64063376f99c8b64bd0fa598ed81cf826f3f51498726bf2982ab4961f,57509.0,127811.0,-70302.0,loss,720,DONE,DONE,6460,0,2.4488006999890786,
screen,combined:36000001:4ea:0,combined,,,4ea,36000001,0,99297cb64063376f99c8b64bd0fa598ed81cf826f3f51498726bf2982ab4961f,58557.0,110391.0,-51834.0,loss,720,DONE,DONE,6411,0,2.3876687999872956,
screen,combined:36000001:4ea:1,combined,,,4ea,36000001,1,99297cb64063376f99c8b64bd0fa598ed81cf826f3f51498726bf2982ab4961f,60864.0,112311.0,-51447.0,loss,720,DONE,DONE,6397,0,2.428533800004516,
screen,combined:36000001:bbff:0,combined,,,bbff,36000001,0,99297cb64063376f99c8b64bd0fa598ed81cf826f3f51498726bf2982ab4961f,58557.0,110391.0,-51834.0,loss,720,DONE,DONE,6411,0,2.5996106000093278,
screen,combined:36000001:bbff:1,combined,,,bbff,36000001,1,99297cb64063376f99c8b64bd0fa598ed81cf826f3f51498726bf2982ab4961f,60864.0,112311.0,-51447.0,loss,720,DONE,DONE,6397,0,2.7074437999981456,
screen,combined:36000002:v35:0,combined,,,v35,36000002,0,99297cb64063376f99c8b64bd0fa598ed81cf826f3f51498726bf2982ab4961f,55626.0,113574.0,-57948.0,loss,720,DONE,DONE,6469,0,2.5464541999972425,
screen,combined:36000002:v35:1,combined,,,v35,36000002,1,99297cb64063376f99c8b64bd0fa598ed81cf826f3f51498726bf2982ab4961f,55626.0,113574.0,-57948.0,loss,720,DONE,DONE,6469,0,2.4502233999955934,
screen,combined:36000002:4ea:0,combined,,,4ea,36000002,0,99297cb64063376f99c8b64bd0fa598ed81cf826f3f51498726bf2982ab4961f,117278.0,171404.0,-54126.0,loss,720,DONE,DONE,6899,0,2.2686498999828473,
screen,combined:36000002:4ea:1,combined,,,4ea,36000002,1,99297cb64063376f99c8b64bd0fa598ed81cf826f3f51498726bf2982ab4961f,117278.0,171404.0,-54126.0,loss,720,DONE,DONE,6899,0,2.192895899992436,
screen,combined:36000002:bbff:0,combined,,,bbff,36000002,0,99297cb64063376f99c8b64bd0fa598ed81cf826f3f51498726bf2982ab4961f,117283.0,171399.0,-54116.0,loss,720,DONE,DONE,6899,0,2.18610940000508,
screen,combined:36000002:bbff:1,combined,,,bbff,36000002,1,99297cb64063376f99c8b64bd0fa598ed81cf826f3f51498726bf2982ab4961f,117283.0,171399.0,-54116.0,loss,720,DONE,DONE,6899,0,2.2656397000246216,
