rank,team,leaderboard_score,episode_id,seed,source_seat,action_sha256,main_paired_margin,new_paired_margin,margin_change,main_outcome,new_outcome,own_cash_change,rival_cash_change
1,Boey,3061.0,113875580,908993718,0,b8f986cbc89af8d8da15f76dfd3c68d6d3c69127383fc10fcc4d06a90ea33180,-42050.0,38472.0,80522.0,L,W,70094.0,-10428.0
2,DSM,3054.4,113876799,1357701885,1,dd0bccaef8954216eb225daf92e77560a76b89acccf98ec3749eec20148bbf52,71224.0,113912.0,42688.0,W,W,68262.0,25574.0
3,Fourth Quadrant,3040.7,113876799,1357701885,0,286e725829f6ef8c30dcebb473439913f54532a06ee238ae790f507d31bb873b,-11720.0,39619.0,51339.0,L,W,12309.0,-39030.0
4,M & M & P & Q,2985.9,113880520,1053844468,0,775b1f23303d56e5ec904239fea66cd891c946164115517a68f251dffd76634e,169057.0,379846.0,210789.0,W,W,99367.0,-111422.0
5,DECEM,2972.5,113876795,1174341398,0,a358fefd6ffa9eab373f9fb7872471499aa32cf1222b37230289fd8f6394155e,159878.0,207302.0,47424.0,W,W,46810.0,-614.0
6,Vadim Vasilenko,2961.5,113880520,1053844468,1,997c85369defefb35a6f2a1cc8e536e2c83771b8cbca52e1a1ca9a92f53790a3,-57024.0,68242.0,125266.0,L,W,-3546.0,-128812.0
7,Majkel1337,2947.7,113875577,290818093,0,d9059bcd35e15adead62b3e3292e404f70557199a4b47ce2fee7d0e67e5ad006,35774.0,54246.0,18472.0,W,W,6423.0,-12049.0
8,Unknown Mother-Goose,2939.9,113875615,1409052498,0,4481409fad918b4e0a4c74ddb421ea93453472ee5c539b8462cf9aa3f8e56350,141842.0,220562.0,78720.0,W,W,84338.0,5618.0
9,Yizhou,2917.4,113875584,1745357365,0,6cd71fee99bbf3f5ce9194425d098154a24fb716d34bc69335ea58713d434051,60584.0,71947.0,11363.0,W,W,9737.0,-1626.0
10,Pii,2902.0,113876763,1574597826,0,f7ad559e9ed86128900753e318dbae6bd42c224981d530b16c4ff10181941a06,146468.0,137734.0,-8734.0,W,W,7776.0,16510.0
11,Russell Kirk,2887.2,113876763,1574597826,1,ec4c54b2ca355a9a7fad430edeb1764e4f81f2d940867b061c84af77a85fb4b9,170520.0,108460.0,-62060.0,W,W,34864.0,96924.0
12,TheEggman,2877.2,113877776,391274192,0,aa096569ed7c8147bf8d1217b7f40ea369d499618cfbc93e1680ed33f4e49379,70916.0,103079.0,32163.0,W,W,25658.0,-6505.0
13,Azat Akhtyamov,2874.9,113875488,428157864,1,6384a25a890fd70f928874e28a6becfb68d9dee049de098bb9973b14f5b27f6b,74550.0,88533.0,13983.0,W,W,73223.0,59240.0
14,mtmr_s1,2871.2,113878070,1360432371,1,36f2f5e605615d889a2efe646e232343a718f880b78c5685097ca0a38d51a87a,179710.0,219874.0,40164.0,W,W,102970.0,62806.0
15,Anton Tikhonov,2868.7,113881715,1015766148,1,ce45bf13a10fa84bd8b7bc4cdfdf6035a19826d63ce0ec5a36d24f322a858c48,184252.0,-27542.0,-211794.0,W,L,-201922.0,9872.0
16,THIRD FARM CLUB,2865.5,113878314,267663275,0,5e7bff72b5738b2c0cd9b13c6be9e3cbb07a58dccf8ee817bf20aa0fb0033c61,64178.0,84018.0,19840.0,W,W,19412.0,-428.0
17,🐚seek inspiration🐚,2864.2,113879428,1903771832,1,81db37c2ca9deb3bea43ab0a93bcd27148856971ba7c34421d4dfd995f6b8b82,37364.0,9926.0,-27438.0,W,W,-36660.0,-9222.0
18,吃白饭的大肥鱼,2861.1,113879189,1464934449,1,a8821b25a7a4ffbad40264649f8029fb6760bb43864ac08bbd069a0aed5eb386,44644.0,224724.0,180080.0,W,W,34436.0,-145644.0
19,tetsuya & yuanzhe & guoqin,2848.0,113876536,172198811,1,e13f9fd471c12693afe74fb2cf1ac0415bf418cbdc8087004ef8b4f5801e1e4d,91584.0,70484.0,-21100.0,W,W,40510.0,61610.0
20,We wanna be tomatos,2846.4,113879011,1076017079,0,b0638bdfec7e5761295bc02ae798731408bc8b513c1da4b98dcc83eea22a8740,-25710.0,-1134.0,24576.0,L,L,-18792.0,-43368.0
21,Arda Ceylan,2835.5,113876537,1886430953,0,b06fc5be5a0512135ab7c6b16b0eded4a4a3a5695ca14ddd7568edf647f5e8d4,68719.0,93996.0,25277.0,W,W,36847.0,11570.0
22,My second life,2829.1,113878892,989947583,1,f02e02684aab30c25b60db8abc5a955bf445f1ae2a91f57b83ac2e649b0d13c6,-8492.0,628.0,9120.0,L,W,-13166.0,-22286.0
23,kigasudayooo,2828.1,113879014,1229760141,0,b41e840c73573f699b8979793bfdfeaa1fc22333a32601a5add11cf6faf486f3,115918.0,184910.0,68992.0,W,W,50356.0,-18636.0
24,Kaggledew Valley 🏆,2813.2,113879189,1464934449,0,f83e8644a22a757599d2e81c8a59142fbd6c9d5d87b0468e3a35f16a41d3bce8,-35908.0,-51935.0,-16027.0,L,L,-39719.0,-23692.0
25,Victor @ Tufa Labs,2807.9,113879029,1382714756,1,493a8e8b37360f3a9feadd4e6e6284e18ddde4fb36e249f88d797379dafa88e3,53686.0,-29790.0,-83476.0,W,L,-138204.0,-54728.0
26,ymg_aq,2804.0,113878778,694815513,1,4cd4838b1d11890f76c00da73e90377c8705dbc46b7f2f333a309ef3f5f1c500,70404.0,93608.0,23204.0,W,W,5870.0,-17334.0
27,Otter Vibe,2802.6,113878892,989947583,0,1b313ad3b8def1fea14715570d3bb4fd7965473ba9f84d7171d3fef516240037,31664.0,-8142.0,-39806.0,W,L,-48766.0,-8960.0
28,sekai013,2801.1,113882124,928698207,0,6c1df47a8146a93b635ed71cffbe1534262d73e90a91a93b8882779609e83391,71144.0,105192.0,34048.0,W,W,28760.0,-5288.0
29,Artem The Farmer 🍅,2796.9,113875748,148653101,0,d75f9580836683a8ef883ba85de2ef96ace2393a56a94099974affad59aa23bb,-26666.0,-114014.0,-87348.0,L,L,-64036.0,23312.0
30,IsaiahP,2793.1,113881232,524424208,1,1f641f825304423ad774bab5c8422fb4c44d53f6cb026053b611b2857bdce7c2,17690.0,43460.0,25770.0,W,W,25088.0,-682.0
31,flg,2782.3,113879192,1515200005,0,881df3c360fd32430fad700b9d64b0b47bde4f56da35bd833b980d64f0fcd292,202422.0,193161.0,-9261.0,W,W,-22692.0,-13431.0
32,Aaweg,2774.1,113878195,1420780020,0,2ea93387af1896f3fe2fca617bfb965f332c9764aa7d0f4c70a012059ad520b5,-1358.0,27320.0,28678.0,L,W,14632.0,-14046.0
33,arutyunoff,2773.4,113878302,1530539748,0,4a4f5621dc0f6752ffc785b334047bdfffff3c99569f61c63913def790116427,81070.0,84754.0,3684.0,W,W,-29290.0,-32974.0
34,Densike,2770.9,113881304,870559130,1,890d43c6b9bdb19bf9ab85240f32cfee4c9a7a7eb5f9e7c46ac598336622616e,161612.0,179648.0,18036.0,W,W,34502.0,16466.0
35,Yannik Schiffner,2769.6,113879541,130330190,1,6970addfdebf50dcdd5f63762a35d65d9109ea8134d92a4545256b74eb1ecf26,56344.0,56166.0,-178.0,W,W,60544.0,60722.0
36,feel the agi,2762.1,113877552,228418409,1,8191f73801ce1b75147b69389cfb7c83aff664a64364c2de9d36c44885a7d699,146490.0,3288.0,-143202.0,W,W,-30666.0,112536.0
37,SpaTaro,2759.3,113876754,1690606604,1,27e9e62794c24ad621cc2e8b4bcf18cdc4e6089656c1d8acdad52f0af345228c,141848.0,169800.0,27952.0,W,W,14858.0,-13094.0
38,marwar22,2757.9,113875754,1614503408,1,89fbf0d500910f772f49f9f16456fca1ae35c955b3bc65c6b8721f6a36230bb8,-4476.0,-19866.0,-15390.0,L,L,40190.0,55580.0
39,akmr,2755.9,113876300,2142704882,0,7c6d9273f82a7e8852bae4bac98023b42b410cb6af82b5795c61fad47c88945e,250054.0,244044.0,-6010.0,W,W,25030.0,31040.0
40,Ryo Hasegawa,2752.9,113879968,1295900555,0,8ba4cf7eca14e0b8691699f68865b5d7b3eaa1b16035bd1e6f84723a28c6d98f,444.0,7522.0,7078.0,W,W,38314.0,31236.0
41,yuto083,2746.7,113879192,1515200005,1,365b20dd1578115cc7c56525301560d544a7f0b3ea356f3b8c4759baef0e5d2b,235730.0,174203.0,-61527.0,W,W,-1515.0,60012.0
42,YumeNeko,2745.0,113883138,100209165,0,c4a1f66e7633746744066b5c9a479fb9dbaeaa6ab6a21b7c24d702ef9c4976cd,46346.0,34486.0,-11860.0,W,W,43160.0,55020.0
43,摆烂小分队 🏆,2744.8,113878398,1436321113,1,2674c8b8d9055b2b5d2e4138ed3bdc701b21a9642744a36da723ec25cd7a2e7f,63342.0,67672.0,4330.0,W,W,31352.0,27022.0
44,KawattaTaido,2743.5,113876646,945927545,0,c961d7c2dc8ae8ff6b460fbe8c3d82c30bd316e019ec94eca6c7f15a53ee7346,20700.0,38784.0,18084.0,W,W,32616.0,14532.0
45,forever young,2742.6,113880232,188181572,0,998be0deb9d41d2f0de9b20e0474a7e19538402b42cca75506d889a6c2ab099e,26508.0,39162.0,12654.0,W,W,57560.0,44906.0
46,WarRusher,2736.3,113883294,1449751133,1,1a2e3459804dfff10adfa8c3dcece68c88b7ff4dfa0cebf1c3a41af719685346,48596.0,111464.0,62868.0,W,W,42788.0,-20080.0
47,Snorlax,2735.7,113876965,41308044,0,9a351402be066d95aa480c3f975023f499acedf2a2898a5780d910bb74c142ea,54080.0,12236.0,-41844.0,W,W,-35434.0,6410.0
48,by,2729.7,113880542,1720841448,1,8618143b4fba5a16515160c7dac989edddd5ed2b7f1e67a470f5ab5ad65bec5b,3452.0,-9744.0,-13196.0,W,L,4432.0,17628.0
49,feles99,2726.4,113878924,280338079,0,2cd87c7bb0e8166bb1f129ed5639a45ffb04eebdf59a71b7e905d906353e8a15,105196.0,99663.0,-5533.0,W,W,90724.0,96257.0
50,Excluding,2717.9,113880232,188181572,1,ffa5c134f3f49217c8e7faea32425bad9a26820be4cea7f783e0c78080108000,-24894.0,7200.0,32094.0,L,W,-53802.0,-85896.0
