seed,rival,seat,method,baseline_result,candidate_result,baseline_own,candidate_own,baseline_rival,candidate_rival,baseline_margin,candidate_margin,delta_own,delta_rival,delta_margin,delta_points,candidate_sha256,baseline_sha256,rival_sha256
22929001,ae349,0,fast_native_transitions,draw,draw,119298.0,119298.0,119298.0,119298.0,0.0,0.0,0.0,0.0,0.0,0.0,4802aa95c1b960f6bdba3ac313870a847dba8e93dce7d22edfeaca4cee7c19f4,cb76fbc462c66380ce3effc3ec2b8d3b888ccae4bccde1d7b7faa5c991e6dd74,ae349d83276976906626f7b59bc6bd3c41d286bc51854c26a6a8b25caf999abb
22929001,ae349,1,fast_native_transitions,draw,draw,119298.0,119298.0,119298.0,119298.0,0.0,0.0,0.0,0.0,0.0,0.0,4802aa95c1b960f6bdba3ac313870a847dba8e93dce7d22edfeaca4cee7c19f4,cb76fbc462c66380ce3effc3ec2b8d3b888ccae4bccde1d7b7faa5c991e6dd74,ae349d83276976906626f7b59bc6bd3c41d286bc51854c26a6a8b25caf999abb
22929001,c95,0,fast_native_transitions,win,win,81648.0,81648.0,61822.0,61822.0,19826.0,19826.0,0.0,0.0,0.0,0,4802aa95c1b960f6bdba3ac313870a847dba8e93dce7d22edfeaca4cee7c19f4,cb76fbc462c66380ce3effc3ec2b8d3b888ccae4bccde1d7b7faa5c991e6dd74,489f5d197527f107027626cce79d850fd2ca90edd43d94384b849b6511e27bdb
22929001,c95,1,fast_native_transitions,win,win,81648.0,81648.0,61822.0,61822.0,19826.0,19826.0,0.0,0.0,0.0,0,4802aa95c1b960f6bdba3ac313870a847dba8e93dce7d22edfeaca4cee7c19f4,cb76fbc462c66380ce3effc3ec2b8d3b888ccae4bccde1d7b7faa5c991e6dd74,489f5d197527f107027626cce79d850fd2ca90edd43d94384b849b6511e27bdb
22929001,cb76,0,fast_native_transitions,draw,draw,119298.0,119298.0,119298.0,119298.0,0.0,0.0,0.0,0.0,0.0,0.0,4802aa95c1b960f6bdba3ac313870a847dba8e93dce7d22edfeaca4cee7c19f4,cb76fbc462c66380ce3effc3ec2b8d3b888ccae4bccde1d7b7faa5c991e6dd74,cb76fbc462c66380ce3effc3ec2b8d3b888ccae4bccde1d7b7faa5c991e6dd74
22929001,cb76,1,fast_native_transitions,draw,draw,119298.0,119298.0,119298.0,119298.0,0.0,0.0,0.0,0.0,0.0,0.0,4802aa95c1b960f6bdba3ac313870a847dba8e93dce7d22edfeaca4cee7c19f4,cb76fbc462c66380ce3effc3ec2b8d3b888ccae4bccde1d7b7faa5c991e6dd74,cb76fbc462c66380ce3effc3ec2b8d3b888ccae4bccde1d7b7faa5c991e6dd74
22929001,v35,0,fast_native_transitions,win,win,113416.0,113416.0,100700.0,100700.0,12716.0,12716.0,0.0,0.0,0.0,0,4802aa95c1b960f6bdba3ac313870a847dba8e93dce7d22edfeaca4cee7c19f4,cb76fbc462c66380ce3effc3ec2b8d3b888ccae4bccde1d7b7faa5c991e6dd74,294e7e4d9d4b97413646960d318043e0f9116ce58f42fe02afd4716614a4e96d
22929001,v35,1,fast_native_transitions,win,win,113416.0,113416.0,100700.0,100700.0,12716.0,12716.0,0.0,0.0,0.0,0,4802aa95c1b960f6bdba3ac313870a847dba8e93dce7d22edfeaca4cee7c19f4,cb76fbc462c66380ce3effc3ec2b8d3b888ccae4bccde1d7b7faa5c991e6dd74,294e7e4d9d4b97413646960d318043e0f9116ce58f42fe02afd4716614a4e96d
22929002,ae349,0,fast_native_transitions,draw,draw,128267.0,128267.0,128267.0,128267.0,0.0,0.0,0.0,0.0,0.0,0.0,4802aa95c1b960f6bdba3ac313870a847dba8e93dce7d22edfeaca4cee7c19f4,cb76fbc462c66380ce3effc3ec2b8d3b888ccae4bccde1d7b7faa5c991e6dd74,ae349d83276976906626f7b59bc6bd3c41d286bc51854c26a6a8b25caf999abb
22929002,ae349,1,fast_native_transitions,draw,draw,128267.0,128267.0,128267.0,128267.0,0.0,0.0,0.0,0.0,0.0,0.0,4802aa95c1b960f6bdba3ac313870a847dba8e93dce7d22edfeaca4cee7c19f4,cb76fbc462c66380ce3effc3ec2b8d3b888ccae4bccde1d7b7faa5c991e6dd74,ae349d83276976906626f7b59bc6bd3c41d286bc51854c26a6a8b25caf999abb
22929002,c95,0,fast_native_transitions,win,win,98160.0,98160.0,83493.0,83493.0,14667.0,14667.0,0.0,0.0,0.0,0,4802aa95c1b960f6bdba3ac313870a847dba8e93dce7d22edfeaca4cee7c19f4,cb76fbc462c66380ce3effc3ec2b8d3b888ccae4bccde1d7b7faa5c991e6dd74,489f5d197527f107027626cce79d850fd2ca90edd43d94384b849b6511e27bdb
22929002,c95,1,fast_native_transitions,win,win,98160.0,98160.0,83493.0,83493.0,14667.0,14667.0,0.0,0.0,0.0,0,4802aa95c1b960f6bdba3ac313870a847dba8e93dce7d22edfeaca4cee7c19f4,cb76fbc462c66380ce3effc3ec2b8d3b888ccae4bccde1d7b7faa5c991e6dd74,489f5d197527f107027626cce79d850fd2ca90edd43d94384b849b6511e27bdb
22929002,cb76,0,fast_native_transitions,draw,draw,128267.0,128267.0,128267.0,128267.0,0.0,0.0,0.0,0.0,0.0,0.0,4802aa95c1b960f6bdba3ac313870a847dba8e93dce7d22edfeaca4cee7c19f4,cb76fbc462c66380ce3effc3ec2b8d3b888ccae4bccde1d7b7faa5c991e6dd74,cb76fbc462c66380ce3effc3ec2b8d3b888ccae4bccde1d7b7faa5c991e6dd74
22929002,cb76,1,fast_native_transitions,draw,draw,128267.0,128267.0,128267.0,128267.0,0.0,0.0,0.0,0.0,0.0,0.0,4802aa95c1b960f6bdba3ac313870a847dba8e93dce7d22edfeaca4cee7c19f4,cb76fbc462c66380ce3effc3ec2b8d3b888ccae4bccde1d7b7faa5c991e6dd74,cb76fbc462c66380ce3effc3ec2b8d3b888ccae4bccde1d7b7faa5c991e6dd74
22929002,v35,0,fast_native_transitions,win,win,131652.0,131652.0,120552.0,120552.0,11100.0,11100.0,0.0,0.0,0.0,0,4802aa95c1b960f6bdba3ac313870a847dba8e93dce7d22edfeaca4cee7c19f4,cb76fbc462c66380ce3effc3ec2b8d3b888ccae4bccde1d7b7faa5c991e6dd74,294e7e4d9d4b97413646960d318043e0f9116ce58f42fe02afd4716614a4e96d
22929002,v35,1,fast_native_transitions,win,win,131652.0,131652.0,120552.0,120552.0,11100.0,11100.0,0.0,0.0,0.0,0,4802aa95c1b960f6bdba3ac313870a847dba8e93dce7d22edfeaca4cee7c19f4,cb76fbc462c66380ce3effc3ec2b8d3b888ccae4bccde1d7b7faa5c991e6dd74,294e7e4d9d4b97413646960d318043e0f9116ce58f42fe02afd4716614a4e96d
22929003,ae349,0,fast_native_transitions,win,win,126328.0,126328.0,97714.0,97714.0,28614.0,28614.0,0.0,0.0,0.0,0,4802aa95c1b960f6bdba3ac313870a847dba8e93dce7d22edfeaca4cee7c19f4,cb76fbc462c66380ce3effc3ec2b8d3b888ccae4bccde1d7b7faa5c991e6dd74,ae349d83276976906626f7b59bc6bd3c41d286bc51854c26a6a8b25caf999abb
22929003,ae349,1,fast_native_transitions,win,win,126328.0,126328.0,97714.0,97714.0,28614.0,28614.0,0.0,0.0,0.0,0,4802aa95c1b960f6bdba3ac313870a847dba8e93dce7d22edfeaca4cee7c19f4,cb76fbc462c66380ce3effc3ec2b8d3b888ccae4bccde1d7b7faa5c991e6dd74,ae349d83276976906626f7b59bc6bd3c41d286bc51854c26a6a8b25caf999abb
22929003,c95,0,fast_native_transitions,win,win,130291.0,130291.0,107684.0,107684.0,22607.0,22607.0,0.0,0.0,0.0,0,4802aa95c1b960f6bdba3ac313870a847dba8e93dce7d22edfeaca4cee7c19f4,cb76fbc462c66380ce3effc3ec2b8d3b888ccae4bccde1d7b7faa5c991e6dd74,489f5d197527f107027626cce79d850fd2ca90edd43d94384b849b6511e27bdb
22929003,c95,1,fast_native_transitions,win,win,130291.0,130291.0,107684.0,107684.0,22607.0,22607.0,0.0,0.0,0.0,0,4802aa95c1b960f6bdba3ac313870a847dba8e93dce7d22edfeaca4cee7c19f4,cb76fbc462c66380ce3effc3ec2b8d3b888ccae4bccde1d7b7faa5c991e6dd74,489f5d197527f107027626cce79d850fd2ca90edd43d94384b849b6511e27bdb
22929003,cb76,0,fast_native_transitions,draw,draw,113837.0,113837.0,113837.0,113837.0,0.0,0.0,0.0,0.0,0.0,0.0,4802aa95c1b960f6bdba3ac313870a847dba8e93dce7d22edfeaca4cee7c19f4,cb76fbc462c66380ce3effc3ec2b8d3b888ccae4bccde1d7b7faa5c991e6dd74,cb76fbc462c66380ce3effc3ec2b8d3b888ccae4bccde1d7b7faa5c991e6dd74
22929003,cb76,1,fast_native_transitions,draw,draw,113837.0,113837.0,113837.0,113837.0,0.0,0.0,0.0,0.0,0.0,0.0,4802aa95c1b960f6bdba3ac313870a847dba8e93dce7d22edfeaca4cee7c19f4,cb76fbc462c66380ce3effc3ec2b8d3b888ccae4bccde1d7b7faa5c991e6dd74,cb76fbc462c66380ce3effc3ec2b8d3b888ccae4bccde1d7b7faa5c991e6dd74
22929003,v35,0,fast_native_transitions,win,win,87921.0,87921.0,72111.0,72111.0,15810.0,15810.0,0.0,0.0,0.0,0,4802aa95c1b960f6bdba3ac313870a847dba8e93dce7d22edfeaca4cee7c19f4,cb76fbc462c66380ce3effc3ec2b8d3b888ccae4bccde1d7b7faa5c991e6dd74,294e7e4d9d4b97413646960d318043e0f9116ce58f42fe02afd4716614a4e96d
22929003,v35,1,fast_native_transitions,win,win,87921.0,87921.0,72111.0,72111.0,15810.0,15810.0,0.0,0.0,0.0,0,4802aa95c1b960f6bdba3ac313870a847dba8e93dce7d22edfeaca4cee7c19f4,cb76fbc462c66380ce3effc3ec2b8d3b888ccae4bccde1d7b7faa5c991e6dd74,294e7e4d9d4b97413646960d318043e0f9116ce58f42fe02afd4716614a4e96d
22929004,ae349,0,fast_native_transitions,draw,draw,112423.0,112423.0,112423.0,112423.0,0.0,0.0,0.0,0.0,0.0,0.0,4802aa95c1b960f6bdba3ac313870a847dba8e93dce7d22edfeaca4cee7c19f4,cb76fbc462c66380ce3effc3ec2b8d3b888ccae4bccde1d7b7faa5c991e6dd74,ae349d83276976906626f7b59bc6bd3c41d286bc51854c26a6a8b25caf999abb
22929004,ae349,1,fast_native_transitions,draw,draw,112423.0,112423.0,112423.0,112423.0,0.0,0.0,0.0,0.0,0.0,0.0,4802aa95c1b960f6bdba3ac313870a847dba8e93dce7d22edfeaca4cee7c19f4,cb76fbc462c66380ce3effc3ec2b8d3b888ccae4bccde1d7b7faa5c991e6dd74,ae349d83276976906626f7b59bc6bd3c41d286bc51854c26a6a8b25caf999abb
22929004,c95,0,fast_native_transitions,win,win,77537.0,77537.0,46843.0,46843.0,30694.0,30694.0,0.0,0.0,0.0,0,4802aa95c1b960f6bdba3ac313870a847dba8e93dce7d22edfeaca4cee7c19f4,cb76fbc462c66380ce3effc3ec2b8d3b888ccae4bccde1d7b7faa5c991e6dd74,489f5d197527f107027626cce79d850fd2ca90edd43d94384b849b6511e27bdb
22929004,c95,1,fast_native_transitions,win,win,77537.0,77537.0,46843.0,46843.0,30694.0,30694.0,0.0,0.0,0.0,0,4802aa95c1b960f6bdba3ac313870a847dba8e93dce7d22edfeaca4cee7c19f4,cb76fbc462c66380ce3effc3ec2b8d3b888ccae4bccde1d7b7faa5c991e6dd74,489f5d197527f107027626cce79d850fd2ca90edd43d94384b849b6511e27bdb
22929004,cb76,0,fast_native_transitions,draw,draw,112423.0,112423.0,112423.0,112423.0,0.0,0.0,0.0,0.0,0.0,0.0,4802aa95c1b960f6bdba3ac313870a847dba8e93dce7d22edfeaca4cee7c19f4,cb76fbc462c66380ce3effc3ec2b8d3b888ccae4bccde1d7b7faa5c991e6dd74,cb76fbc462c66380ce3effc3ec2b8d3b888ccae4bccde1d7b7faa5c991e6dd74
22929004,cb76,1,fast_native_transitions,draw,draw,112423.0,112423.0,112423.0,112423.0,0.0,0.0,0.0,0.0,0.0,0.0,4802aa95c1b960f6bdba3ac313870a847dba8e93dce7d22edfeaca4cee7c19f4,cb76fbc462c66380ce3effc3ec2b8d3b888ccae4bccde1d7b7faa5c991e6dd74,cb76fbc462c66380ce3effc3ec2b8d3b888ccae4bccde1d7b7faa5c991e6dd74
22929004,v35,0,fast_native_transitions,win,win,89500.0,89500.0,53370.0,53370.0,36130.0,36130.0,0.0,0.0,0.0,0,4802aa95c1b960f6bdba3ac313870a847dba8e93dce7d22edfeaca4cee7c19f4,cb76fbc462c66380ce3effc3ec2b8d3b888ccae4bccde1d7b7faa5c991e6dd74,294e7e4d9d4b97413646960d318043e0f9116ce58f42fe02afd4716614a4e96d
22929004,v35,1,fast_native_transitions,win,win,89500.0,89500.0,53370.0,53370.0,36130.0,36130.0,0.0,0.0,0.0,0,4802aa95c1b960f6bdba3ac313870a847dba8e93dce7d22edfeaca4cee7c19f4,cb76fbc462c66380ce3effc3ec2b8d3b888ccae4bccde1d7b7faa5c991e6dd74,294e7e4d9d4b97413646960d318043e0f9116ce58f42fe02afd4716614a4e96d
22929005,ae349,0,fast_native_transitions,draw,draw,127555.0,127555.0,127555.0,127555.0,0.0,0.0,0.0,0.0,0.0,0.0,4802aa95c1b960f6bdba3ac313870a847dba8e93dce7d22edfeaca4cee7c19f4,cb76fbc462c66380ce3effc3ec2b8d3b888ccae4bccde1d7b7faa5c991e6dd74,ae349d83276976906626f7b59bc6bd3c41d286bc51854c26a6a8b25caf999abb
22929005,ae349,1,fast_native_transitions,draw,draw,127555.0,127555.0,127555.0,127555.0,0.0,0.0,0.0,0.0,0.0,0.0,4802aa95c1b960f6bdba3ac313870a847dba8e93dce7d22edfeaca4cee7c19f4,cb76fbc462c66380ce3effc3ec2b8d3b888ccae4bccde1d7b7faa5c991e6dd74,ae349d83276976906626f7b59bc6bd3c41d286bc51854c26a6a8b25caf999abb
22929005,c95,0,fast_native_transitions,win,win,104967.0,105759.0,76953.0,80889.0,28014.0,24870.0,792.0,3936.0,-3144.0,0,4802aa95c1b960f6bdba3ac313870a847dba8e93dce7d22edfeaca4cee7c19f4,cb76fbc462c66380ce3effc3ec2b8d3b888ccae4bccde1d7b7faa5c991e6dd74,489f5d197527f107027626cce79d850fd2ca90edd43d94384b849b6511e27bdb
22929005,c95,1,fast_native_transitions,win,win,104967.0,105759.0,76953.0,80889.0,28014.0,24870.0,792.0,3936.0,-3144.0,0,4802aa95c1b960f6bdba3ac313870a847dba8e93dce7d22edfeaca4cee7c19f4,cb76fbc462c66380ce3effc3ec2b8d3b888ccae4bccde1d7b7faa5c991e6dd74,489f5d197527f107027626cce79d850fd2ca90edd43d94384b849b6511e27bdb
22929005,cb76,0,fast_native_transitions,draw,draw,127555.0,127555.0,127555.0,127555.0,0.0,0.0,0.0,0.0,0.0,0.0,4802aa95c1b960f6bdba3ac313870a847dba8e93dce7d22edfeaca4cee7c19f4,cb76fbc462c66380ce3effc3ec2b8d3b888ccae4bccde1d7b7faa5c991e6dd74,cb76fbc462c66380ce3effc3ec2b8d3b888ccae4bccde1d7b7faa5c991e6dd74
22929005,cb76,1,fast_native_transitions,draw,draw,127555.0,127555.0,127555.0,127555.0,0.0,0.0,0.0,0.0,0.0,0.0,4802aa95c1b960f6bdba3ac313870a847dba8e93dce7d22edfeaca4cee7c19f4,cb76fbc462c66380ce3effc3ec2b8d3b888ccae4bccde1d7b7faa5c991e6dd74,cb76fbc462c66380ce3effc3ec2b8d3b888ccae4bccde1d7b7faa5c991e6dd74
22929005,v35,0,fast_native_transitions,win,win,159732.0,159732.0,124167.0,124167.0,35565.0,35565.0,0.0,0.0,0.0,0,4802aa95c1b960f6bdba3ac313870a847dba8e93dce7d22edfeaca4cee7c19f4,cb76fbc462c66380ce3effc3ec2b8d3b888ccae4bccde1d7b7faa5c991e6dd74,294e7e4d9d4b97413646960d318043e0f9116ce58f42fe02afd4716614a4e96d
22929005,v35,1,fast_native_transitions,win,win,159732.0,159732.0,124167.0,124167.0,35565.0,35565.0,0.0,0.0,0.0,0,4802aa95c1b960f6bdba3ac313870a847dba8e93dce7d22edfeaca4cee7c19f4,cb76fbc462c66380ce3effc3ec2b8d3b888ccae4bccde1d7b7faa5c991e6dd74,294e7e4d9d4b97413646960d318043e0f9116ce58f42fe02afd4716614a4e96d
22929006,ae349,0,fast_native_transitions,draw,loss,136136.0,134899.0,136136.0,141013.0,0.0,-6114.0,-1237.0,4877.0,-6114.0,-0.5,4802aa95c1b960f6bdba3ac313870a847dba8e93dce7d22edfeaca4cee7c19f4,cb76fbc462c66380ce3effc3ec2b8d3b888ccae4bccde1d7b7faa5c991e6dd74,ae349d83276976906626f7b59bc6bd3c41d286bc51854c26a6a8b25caf999abb
22929006,ae349,1,fast_native_transitions,draw,loss,136136.0,134899.0,136136.0,141013.0,0.0,-6114.0,-1237.0,4877.0,-6114.0,-0.5,4802aa95c1b960f6bdba3ac313870a847dba8e93dce7d22edfeaca4cee7c19f4,cb76fbc462c66380ce3effc3ec2b8d3b888ccae4bccde1d7b7faa5c991e6dd74,ae349d83276976906626f7b59bc6bd3c41d286bc51854c26a6a8b25caf999abb
22929006,c95,0,fast_native_transitions,win,win,101153.0,101153.0,77859.0,77859.0,23294.0,23294.0,0.0,0.0,0.0,0,4802aa95c1b960f6bdba3ac313870a847dba8e93dce7d22edfeaca4cee7c19f4,cb76fbc462c66380ce3effc3ec2b8d3b888ccae4bccde1d7b7faa5c991e6dd74,489f5d197527f107027626cce79d850fd2ca90edd43d94384b849b6511e27bdb
22929006,c95,1,fast_native_transitions,win,win,101153.0,101153.0,77859.0,77859.0,23294.0,23294.0,0.0,0.0,0.0,0,4802aa95c1b960f6bdba3ac313870a847dba8e93dce7d22edfeaca4cee7c19f4,cb76fbc462c66380ce3effc3ec2b8d3b888ccae4bccde1d7b7faa5c991e6dd74,489f5d197527f107027626cce79d850fd2ca90edd43d94384b849b6511e27bdb
22929006,cb76,0,fast_native_transitions,draw,loss,136136.0,134899.0,136136.0,141013.0,0.0,-6114.0,-1237.0,4877.0,-6114.0,-0.5,4802aa95c1b960f6bdba3ac313870a847dba8e93dce7d22edfeaca4cee7c19f4,cb76fbc462c66380ce3effc3ec2b8d3b888ccae4bccde1d7b7faa5c991e6dd74,cb76fbc462c66380ce3effc3ec2b8d3b888ccae4bccde1d7b7faa5c991e6dd74
22929006,cb76,1,fast_native_transitions,draw,loss,136136.0,134899.0,136136.0,141013.0,0.0,-6114.0,-1237.0,4877.0,-6114.0,-0.5,4802aa95c1b960f6bdba3ac313870a847dba8e93dce7d22edfeaca4cee7c19f4,cb76fbc462c66380ce3effc3ec2b8d3b888ccae4bccde1d7b7faa5c991e6dd74,cb76fbc462c66380ce3effc3ec2b8d3b888ccae4bccde1d7b7faa5c991e6dd74
22929006,v35,0,fast_native_transitions,win,win,106946.0,109851.0,92362.0,93691.0,14584.0,16160.0,2905.0,1329.0,1576.0,0,4802aa95c1b960f6bdba3ac313870a847dba8e93dce7d22edfeaca4cee7c19f4,cb76fbc462c66380ce3effc3ec2b8d3b888ccae4bccde1d7b7faa5c991e6dd74,294e7e4d9d4b97413646960d318043e0f9116ce58f42fe02afd4716614a4e96d
22929006,v35,1,fast_native_transitions,win,win,106946.0,109851.0,92362.0,93691.0,14584.0,16160.0,2905.0,1329.0,1576.0,0,4802aa95c1b960f6bdba3ac313870a847dba8e93dce7d22edfeaca4cee7c19f4,cb76fbc462c66380ce3effc3ec2b8d3b888ccae4bccde1d7b7faa5c991e6dd74,294e7e4d9d4b97413646960d318043e0f9116ce58f42fe02afd4716614a4e96d
22929007,ae349,0,fast_native_transitions,draw,draw,85636.0,85636.0,85636.0,85636.0,0.0,0.0,0.0,0.0,0.0,0.0,4802aa95c1b960f6bdba3ac313870a847dba8e93dce7d22edfeaca4cee7c19f4,cb76fbc462c66380ce3effc3ec2b8d3b888ccae4bccde1d7b7faa5c991e6dd74,ae349d83276976906626f7b59bc6bd3c41d286bc51854c26a6a8b25caf999abb
22929007,ae349,1,fast_native_transitions,draw,draw,85636.0,85636.0,85636.0,85636.0,0.0,0.0,0.0,0.0,0.0,0.0,4802aa95c1b960f6bdba3ac313870a847dba8e93dce7d22edfeaca4cee7c19f4,cb76fbc462c66380ce3effc3ec2b8d3b888ccae4bccde1d7b7faa5c991e6dd74,ae349d83276976906626f7b59bc6bd3c41d286bc51854c26a6a8b25caf999abb
22929007,c95,0,fast_native_transitions,win,win,76613.0,76613.0,52374.0,52374.0,24239.0,24239.0,0.0,0.0,0.0,0,4802aa95c1b960f6bdba3ac313870a847dba8e93dce7d22edfeaca4cee7c19f4,cb76fbc462c66380ce3effc3ec2b8d3b888ccae4bccde1d7b7faa5c991e6dd74,489f5d197527f107027626cce79d850fd2ca90edd43d94384b849b6511e27bdb
22929007,c95,1,fast_native_transitions,win,win,76613.0,76613.0,52374.0,52374.0,24239.0,24239.0,0.0,0.0,0.0,0,4802aa95c1b960f6bdba3ac313870a847dba8e93dce7d22edfeaca4cee7c19f4,cb76fbc462c66380ce3effc3ec2b8d3b888ccae4bccde1d7b7faa5c991e6dd74,489f5d197527f107027626cce79d850fd2ca90edd43d94384b849b6511e27bdb
22929007,cb76,0,fast_native_transitions,draw,draw,85636.0,85636.0,85636.0,85636.0,0.0,0.0,0.0,0.0,0.0,0.0,4802aa95c1b960f6bdba3ac313870a847dba8e93dce7d22edfeaca4cee7c19f4,cb76fbc462c66380ce3effc3ec2b8d3b888ccae4bccde1d7b7faa5c991e6dd74,cb76fbc462c66380ce3effc3ec2b8d3b888ccae4bccde1d7b7faa5c991e6dd74
22929007,cb76,1,fast_native_transitions,draw,draw,85636.0,85636.0,85636.0,85636.0,0.0,0.0,0.0,0.0,0.0,0.0,4802aa95c1b960f6bdba3ac313870a847dba8e93dce7d22edfeaca4cee7c19f4,cb76fbc462c66380ce3effc3ec2b8d3b888ccae4bccde1d7b7faa5c991e6dd74,cb76fbc462c66380ce3effc3ec2b8d3b888ccae4bccde1d7b7faa5c991e6dd74
22929007,v35,0,fast_native_transitions,win,win,99443.0,99443.0,73303.0,73303.0,26140.0,26140.0,0.0,0.0,0.0,0,4802aa95c1b960f6bdba3ac313870a847dba8e93dce7d22edfeaca4cee7c19f4,cb76fbc462c66380ce3effc3ec2b8d3b888ccae4bccde1d7b7faa5c991e6dd74,294e7e4d9d4b97413646960d318043e0f9116ce58f42fe02afd4716614a4e96d
22929007,v35,1,fast_native_transitions,win,win,99443.0,99443.0,73303.0,73303.0,26140.0,26140.0,0.0,0.0,0.0,0,4802aa95c1b960f6bdba3ac313870a847dba8e93dce7d22edfeaca4cee7c19f4,cb76fbc462c66380ce3effc3ec2b8d3b888ccae4bccde1d7b7faa5c991e6dd74,294e7e4d9d4b97413646960d318043e0f9116ce58f42fe02afd4716614a4e96d
22929008,ae349,0,fast_native_transitions,draw,draw,99694.0,99694.0,99694.0,99694.0,0.0,0.0,0.0,0.0,0.0,0.0,4802aa95c1b960f6bdba3ac313870a847dba8e93dce7d22edfeaca4cee7c19f4,cb76fbc462c66380ce3effc3ec2b8d3b888ccae4bccde1d7b7faa5c991e6dd74,ae349d83276976906626f7b59bc6bd3c41d286bc51854c26a6a8b25caf999abb
22929008,ae349,1,fast_native_transitions,draw,draw,99694.0,99694.0,99694.0,99694.0,0.0,0.0,0.0,0.0,0.0,0.0,4802aa95c1b960f6bdba3ac313870a847dba8e93dce7d22edfeaca4cee7c19f4,cb76fbc462c66380ce3effc3ec2b8d3b888ccae4bccde1d7b7faa5c991e6dd74,ae349d83276976906626f7b59bc6bd3c41d286bc51854c26a6a8b25caf999abb
22929008,c95,0,fast_native_transitions,win,win,120297.0,120297.0,101294.0,101294.0,19003.0,19003.0,0.0,0.0,0.0,0,4802aa95c1b960f6bdba3ac313870a847dba8e93dce7d22edfeaca4cee7c19f4,cb76fbc462c66380ce3effc3ec2b8d3b888ccae4bccde1d7b7faa5c991e6dd74,489f5d197527f107027626cce79d850fd2ca90edd43d94384b849b6511e27bdb
22929008,c95,1,fast_native_transitions,win,win,120297.0,120297.0,101294.0,101294.0,19003.0,19003.0,0.0,0.0,0.0,0,4802aa95c1b960f6bdba3ac313870a847dba8e93dce7d22edfeaca4cee7c19f4,cb76fbc462c66380ce3effc3ec2b8d3b888ccae4bccde1d7b7faa5c991e6dd74,489f5d197527f107027626cce79d850fd2ca90edd43d94384b849b6511e27bdb
22929008,cb76,0,fast_native_transitions,draw,draw,99694.0,99694.0,99694.0,99694.0,0.0,0.0,0.0,0.0,0.0,0.0,4802aa95c1b960f6bdba3ac313870a847dba8e93dce7d22edfeaca4cee7c19f4,cb76fbc462c66380ce3effc3ec2b8d3b888ccae4bccde1d7b7faa5c991e6dd74,cb76fbc462c66380ce3effc3ec2b8d3b888ccae4bccde1d7b7faa5c991e6dd74
22929008,cb76,1,fast_native_transitions,draw,draw,99694.0,99694.0,99694.0,99694.0,0.0,0.0,0.0,0.0,0.0,0.0,4802aa95c1b960f6bdba3ac313870a847dba8e93dce7d22edfeaca4cee7c19f4,cb76fbc462c66380ce3effc3ec2b8d3b888ccae4bccde1d7b7faa5c991e6dd74,cb76fbc462c66380ce3effc3ec2b8d3b888ccae4bccde1d7b7faa5c991e6dd74
22929008,v35,0,fast_native_transitions,win,win,103452.0,103452.0,85316.0,85316.0,18136.0,18136.0,0.0,0.0,0.0,0,4802aa95c1b960f6bdba3ac313870a847dba8e93dce7d22edfeaca4cee7c19f4,cb76fbc462c66380ce3effc3ec2b8d3b888ccae4bccde1d7b7faa5c991e6dd74,294e7e4d9d4b97413646960d318043e0f9116ce58f42fe02afd4716614a4e96d
22929008,v35,1,fast_native_transitions,win,win,103452.0,103452.0,85316.0,85316.0,18136.0,18136.0,0.0,0.0,0.0,0,4802aa95c1b960f6bdba3ac313870a847dba8e93dce7d22edfeaca4cee7c19f4,cb76fbc462c66380ce3effc3ec2b8d3b888ccae4bccde1d7b7faa5c991e6dd74,294e7e4d9d4b97413646960d318043e0f9116ce58f42fe02afd4716614a4e96d
