rank,team,episode,seat,baseline_result,candidate_result,baseline_own,candidate_own,baseline_rival,candidate_rival,baseline_margin,candidate_margin,delta_own,delta_rival,delta_margin,delta_points,candidate_sha256,action_sha256,replay_sha256
1,DECEM,115321748,0,win,loss,134714.0,95307.0,76014.0,139921.0,58700.0,-44614.0,-39407.0,63907.0,-103314.0,-1,6434d82e990f930e82d22f43e42d5057a675642be80f73e313740417e206899c,f5d184d72bcab70c6828a2bee46315d3552479f1783e1cda0c3a7969c2277d3b,2b8222b2a51ca3b2027d3bf818b82667355ba57380800b24fcbe3380d49b4abb
1,DECEM,115321748,1,win,loss,134714.0,95307.0,76014.0,139921.0,58700.0,-44614.0,-39407.0,63907.0,-103314.0,-1,6434d82e990f930e82d22f43e42d5057a675642be80f73e313740417e206899c,f5d184d72bcab70c6828a2bee46315d3552479f1783e1cda0c3a7969c2277d3b,2b8222b2a51ca3b2027d3bf818b82667355ba57380800b24fcbe3380d49b4abb
2,DSM,115323250,0,win,win,159388.0,78643.0,55118.0,75013.0,104270.0,3630.0,-80745.0,19895.0,-100640.0,0,6434d82e990f930e82d22f43e42d5057a675642be80f73e313740417e206899c,c6da0c253b97b2bc40a77a76525ef633804d8b3b4367b4f76b40a5ecc7b49714,fd1d0c72338ee2083b811324ccdecdad9d616872c2d67b7961dda524be92aecb
2,DSM,115323250,1,win,loss,159388.0,78798.0,55118.0,80435.0,104270.0,-1637.0,-80590.0,25317.0,-105907.0,-1,6434d82e990f930e82d22f43e42d5057a675642be80f73e313740417e206899c,c6da0c253b97b2bc40a77a76525ef633804d8b3b4367b4f76b40a5ecc7b49714,fd1d0c72338ee2083b811324ccdecdad9d616872c2d67b7961dda524be92aecb
3,Boey,115323250,0,win,loss,105525.0,89129.0,97052.0,89276.0,8473.0,-147.0,-16396.0,-7776.0,-8620.0,-1,6434d82e990f930e82d22f43e42d5057a675642be80f73e313740417e206899c,3fde6ab726966f1e1012d8513cf60d8061152217c6ccb8676f94ca1ecd7af405,fd1d0c72338ee2083b811324ccdecdad9d616872c2d67b7961dda524be92aecb
3,Boey,115323250,1,win,win,105525.0,89276.0,97052.0,89129.0,8473.0,147.0,-16249.0,-7923.0,-8326.0,0,6434d82e990f930e82d22f43e42d5057a675642be80f73e313740417e206899c,3fde6ab726966f1e1012d8513cf60d8061152217c6ccb8676f94ca1ecd7af405,fd1d0c72338ee2083b811324ccdecdad9d616872c2d67b7961dda524be92aecb
4,Vadim Vasilenko,115323543,0,win,win,146420.0,103142.0,118411.0,91307.0,28009.0,11835.0,-43278.0,-27104.0,-16174.0,0,6434d82e990f930e82d22f43e42d5057a675642be80f73e313740417e206899c,4c52358234009713ef4d2f5a7628085bfd637e5582557aefe09717d7af59dd29,f82062276ffb2af269939737c6488759e496009745f949df83cbe1e16499fdfd
4,Vadim Vasilenko,115323543,1,win,win,146420.0,103142.0,118411.0,91307.0,28009.0,11835.0,-43278.0,-27104.0,-16174.0,0,6434d82e990f930e82d22f43e42d5057a675642be80f73e313740417e206899c,4c52358234009713ef4d2f5a7628085bfd637e5582557aefe09717d7af59dd29,f82062276ffb2af269939737c6488759e496009745f949df83cbe1e16499fdfd
5,Yizhou,115321748,0,win,win,133151.0,115042.0,69742.0,99768.0,63409.0,15274.0,-18109.0,30026.0,-48135.0,0,6434d82e990f930e82d22f43e42d5057a675642be80f73e313740417e206899c,d62cf3a459b691c0543eecef6524aacfecdfa2eab402b23e0581d6c5384c1d5a,2b8222b2a51ca3b2027d3bf818b82667355ba57380800b24fcbe3380d49b4abb
5,Yizhou,115321748,1,win,win,133151.0,115042.0,69742.0,99768.0,63409.0,15274.0,-18109.0,30026.0,-48135.0,0,6434d82e990f930e82d22f43e42d5057a675642be80f73e313740417e206899c,d62cf3a459b691c0543eecef6524aacfecdfa2eab402b23e0581d6c5384c1d5a,2b8222b2a51ca3b2027d3bf818b82667355ba57380800b24fcbe3380d49b4abb
6,Unknown Mother-Goose,115320871,0,win,loss,161418.0,121539.0,121426.0,145859.0,39992.0,-24320.0,-39879.0,24433.0,-64312.0,-1,6434d82e990f930e82d22f43e42d5057a675642be80f73e313740417e206899c,333c5a31f3bd0589dcf150dfed4e20acbe05b233b26da8b795463f49edca2b2c,88890e578cde840ac082d1f2b88a084ed1846a62044bc1a89d68300050f8e7d2
6,Unknown Mother-Goose,115320871,1,win,loss,161418.0,121539.0,121426.0,145859.0,39992.0,-24320.0,-39879.0,24433.0,-64312.0,-1,6434d82e990f930e82d22f43e42d5057a675642be80f73e313740417e206899c,333c5a31f3bd0589dcf150dfed4e20acbe05b233b26da8b795463f49edca2b2c,88890e578cde840ac082d1f2b88a084ed1846a62044bc1a89d68300050f8e7d2
7,tetsuya & yuanzhe & guoqin,115319406,0,win,loss,159463.0,108129.0,132203.0,150129.0,27260.0,-42000.0,-51334.0,17926.0,-69260.0,-1,6434d82e990f930e82d22f43e42d5057a675642be80f73e313740417e206899c,0c7e425da6ebf8fa466306129a24b60f5aa8d0644eaa6087614ca954486ad11f,27d12b01250dc6ad2c89cd5ce863c9aa41b93a64b2b1604f626bd148dd3e6110
7,tetsuya & yuanzhe & guoqin,115319406,1,win,loss,159463.0,108129.0,132203.0,150129.0,27260.0,-42000.0,-51334.0,17926.0,-69260.0,-1,6434d82e990f930e82d22f43e42d5057a675642be80f73e313740417e206899c,0c7e425da6ebf8fa466306129a24b60f5aa8d0644eaa6087614ca954486ad11f,27d12b01250dc6ad2c89cd5ce863c9aa41b93a64b2b1604f626bd148dd3e6110
8,Anton Tikhonov,115320871,0,loss,loss,141662.0,113305.0,142203.0,130305.0,-541.0,-17000.0,-28357.0,-11898.0,-16459.0,0,6434d82e990f930e82d22f43e42d5057a675642be80f73e313740417e206899c,fff0736c33edfa6645a9cf9f3f517c5ee674da11737c424c14f8b9cce722d945,88890e578cde840ac082d1f2b88a084ed1846a62044bc1a89d68300050f8e7d2
8,Anton Tikhonov,115320871,1,loss,loss,141662.0,113305.0,142203.0,130305.0,-541.0,-17000.0,-28357.0,-11898.0,-16459.0,0,6434d82e990f930e82d22f43e42d5057a675642be80f73e313740417e206899c,fff0736c33edfa6645a9cf9f3f517c5ee674da11737c424c14f8b9cce722d945,88890e578cde840ac082d1f2b88a084ed1846a62044bc1a89d68300050f8e7d2
9,akmr,115320793,0,loss,win,89025.0,116468.0,98817.0,101147.0,-9792.0,15321.0,27443.0,2330.0,25113.0,1,6434d82e990f930e82d22f43e42d5057a675642be80f73e313740417e206899c,553c8cd02faf975d9426642ed95599e8d5938f17bc18b9d6321df2af9471427c,c12de2618abdde3f1e8c567f73cddf176d9174dbb39c202df3eaaf2913fa36e0
9,akmr,115320793,1,loss,win,89025.0,116468.0,98817.0,101147.0,-9792.0,15321.0,27443.0,2330.0,25113.0,1,6434d82e990f930e82d22f43e42d5057a675642be80f73e313740417e206899c,553c8cd02faf975d9426642ed95599e8d5938f17bc18b9d6321df2af9471427c,c12de2618abdde3f1e8c567f73cddf176d9174dbb39c202df3eaaf2913fa36e0
10,Majkel1337,115317514,0,loss,win,64930.0,84647.0,75645.0,77493.0,-10715.0,7154.0,19717.0,1848.0,17869.0,1,6434d82e990f930e82d22f43e42d5057a675642be80f73e313740417e206899c,5216f6ebad1623f37e750bc7e407f300070b379df774cad3fc1e23b69d1b2fe1,39c636521f12258f01b566e570df4e2ee57a5fe1b90cad5dba17c666e44aa6d3
10,Majkel1337,115317514,1,loss,win,64930.0,83288.0,75645.0,75430.0,-10715.0,7858.0,18358.0,-215.0,18573.0,1,6434d82e990f930e82d22f43e42d5057a675642be80f73e313740417e206899c,5216f6ebad1623f37e750bc7e407f300070b379df774cad3fc1e23b69d1b2fe1,39c636521f12258f01b566e570df4e2ee57a5fe1b90cad5dba17c666e44aa6d3
11,monsaraida,115318890,0,win,loss,122661.0,100096.0,109218.0,112751.0,13443.0,-12655.0,-22565.0,3533.0,-26098.0,-1,6434d82e990f930e82d22f43e42d5057a675642be80f73e313740417e206899c,db87075d98e0ad59d55a35905f8e480a0fa6faf0a84e67c43d86773fb9486ae8,b703ebb2f59e1cbb777a17379845fb31a4fe2d302c42a32f6cc566159ada1032
11,monsaraida,115318890,1,win,loss,122661.0,102065.0,109218.0,111388.0,13443.0,-9323.0,-20596.0,2170.0,-22766.0,-1,6434d82e990f930e82d22f43e42d5057a675642be80f73e313740417e206899c,db87075d98e0ad59d55a35905f8e480a0fa6faf0a84e67c43d86773fb9486ae8,b703ebb2f59e1cbb777a17379845fb31a4fe2d302c42a32f6cc566159ada1032
12,Zenith,115319406,0,win,win,153149.0,124193.0,65608.0,94997.0,87541.0,29196.0,-28956.0,29389.0,-58345.0,0,6434d82e990f930e82d22f43e42d5057a675642be80f73e313740417e206899c,f1e19b162d6820a8b52545a3c81be4dd420ad3d4af2b3e4c3436bb4e4e9132f3,27d12b01250dc6ad2c89cd5ce863c9aa41b93a64b2b1604f626bd148dd3e6110
12,Zenith,115319406,1,win,win,153149.0,124193.0,65608.0,94997.0,87541.0,29196.0,-28956.0,29389.0,-58345.0,0,6434d82e990f930e82d22f43e42d5057a675642be80f73e313740417e206899c,f1e19b162d6820a8b52545a3c81be4dd420ad3d4af2b3e4c3436bb4e4e9132f3,27d12b01250dc6ad2c89cd5ce863c9aa41b93a64b2b1604f626bd148dd3e6110
13,Gordeev Max,115323543,0,win,loss,140019.0,104071.0,85554.0,105982.0,54465.0,-1911.0,-35948.0,20428.0,-56376.0,-1,6434d82e990f930e82d22f43e42d5057a675642be80f73e313740417e206899c,bdae0739a5a879c21f5857a5874906e1533fbbeb2031eda7e4f1fb6f6874790e,f82062276ffb2af269939737c6488759e496009745f949df83cbe1e16499fdfd
13,Gordeev Max,115323543,1,win,loss,140019.0,104071.0,85554.0,105982.0,54465.0,-1911.0,-35948.0,20428.0,-56376.0,-1,6434d82e990f930e82d22f43e42d5057a675642be80f73e313740417e206899c,bdae0739a5a879c21f5857a5874906e1533fbbeb2031eda7e4f1fb6f6874790e,f82062276ffb2af269939737c6488759e496009745f949df83cbe1e16499fdfd
14,feles99,115322222,0,win,loss,149767.0,103442.0,129920.0,115104.0,19847.0,-11662.0,-46325.0,-14816.0,-31509.0,-1,6434d82e990f930e82d22f43e42d5057a675642be80f73e313740417e206899c,d5e5805846b9d2384c960708f65ca51d4b3a662d2b8d1a20aaee05da2d0f6d19,8b2c7d0296c5745d21579f170a1801c0ab8363fd56894a56daa89d3b49614ba5
14,feles99,115322222,1,win,loss,149767.0,103442.0,129920.0,115104.0,19847.0,-11662.0,-46325.0,-14816.0,-31509.0,-1,6434d82e990f930e82d22f43e42d5057a675642be80f73e313740417e206899c,d5e5805846b9d2384c960708f65ca51d4b3a662d2b8d1a20aaee05da2d0f6d19,8b2c7d0296c5745d21579f170a1801c0ab8363fd56894a56daa89d3b49614ba5
15,Fourth Quadrant,115317937,0,win,win,107750.0,102862.0,49546.0,39277.0,58204.0,63585.0,-4888.0,-10269.0,5381.0,0,6434d82e990f930e82d22f43e42d5057a675642be80f73e313740417e206899c,b9e15ee10dd3029da94d1b3aef68586bd3a72ccea12fbe491d4243b98a0b9554,c8cd01bf7c8aae123a407afeb428198b18a687bf4c821ebfaffe9c706e5a810c
15,Fourth Quadrant,115317937,1,win,win,131623.0,103055.0,53536.0,36307.0,78087.0,66748.0,-28568.0,-17229.0,-11339.0,0,6434d82e990f930e82d22f43e42d5057a675642be80f73e313740417e206899c,b9e15ee10dd3029da94d1b3aef68586bd3a72ccea12fbe491d4243b98a0b9554,c8cd01bf7c8aae123a407afeb428198b18a687bf4c821ebfaffe9c706e5a810c
16,TKNP,115319133,0,win,loss,116498.0,100703.0,110895.0,120915.0,5603.0,-20212.0,-15795.0,10020.0,-25815.0,-1,6434d82e990f930e82d22f43e42d5057a675642be80f73e313740417e206899c,ec35fa5efaffd56125ad077271633e98dfe398650712f49fb115bf1e515cd250,7ab646de083ebec20e7b45730733efaebf542efcc85991745ef88b344068c968
16,TKNP,115319133,1,win,loss,116498.0,100703.0,110895.0,120915.0,5603.0,-20212.0,-15795.0,10020.0,-25815.0,-1,6434d82e990f930e82d22f43e42d5057a675642be80f73e313740417e206899c,ec35fa5efaffd56125ad077271633e98dfe398650712f49fb115bf1e515cd250,7ab646de083ebec20e7b45730733efaebf542efcc85991745ef88b344068c968
17,Smackaveli,115318066,0,win,win,159953.0,116375.0,61101.0,62515.0,98852.0,53860.0,-43578.0,1414.0,-44992.0,0,6434d82e990f930e82d22f43e42d5057a675642be80f73e313740417e206899c,59b391ac2c72f8a0be1e68f6e05b207d900c552a1a93886ee145fc028eb53a47,6f0e5240b3fc1e1de48a1d94657d60a343bf25f649c9dcc6934ea48375bda4f7
17,Smackaveli,115318066,1,win,win,159953.0,116234.0,61101.0,63165.0,98852.0,53069.0,-43719.0,2064.0,-45783.0,0,6434d82e990f930e82d22f43e42d5057a675642be80f73e313740417e206899c,59b391ac2c72f8a0be1e68f6e05b207d900c552a1a93886ee145fc028eb53a47,6f0e5240b3fc1e1de48a1d94657d60a343bf25f649c9dcc6934ea48375bda4f7
18,yuto083,115319331,0,win,win,147583.0,114767.0,82172.0,77095.0,65411.0,37672.0,-32816.0,-5077.0,-27739.0,0,6434d82e990f930e82d22f43e42d5057a675642be80f73e313740417e206899c,f6732fb382eb75720c4eea443bd32598c3b9454baf5ec698eecf2a5e4c41df27,a7dc9f4665ffdf8a8355c29d9abf7c8c57510e085ebbc9ac725339ef59037f93
18,yuto083,115319331,1,win,win,148355.0,114767.0,82170.0,77095.0,66185.0,37672.0,-33588.0,-5075.0,-28513.0,0,6434d82e990f930e82d22f43e42d5057a675642be80f73e313740417e206899c,f6732fb382eb75720c4eea443bd32598c3b9454baf5ec698eecf2a5e4c41df27,a7dc9f4665ffdf8a8355c29d9abf7c8c57510e085ebbc9ac725339ef59037f93
19,吃白饭的大肥鱼,115322168,0,loss,loss,110262.0,107420.0,118611.0,123471.0,-8349.0,-16051.0,-2842.0,4860.0,-7702.0,0,6434d82e990f930e82d22f43e42d5057a675642be80f73e313740417e206899c,dd24c998d5d0fe4040540c4bb03e50f6cacad074fa1992c2560e5420cbe2a7c0,e724746251c4f9564d520f8ef64a255140d70504d645d2d62d5a79e093a96488
19,吃白饭的大肥鱼,115322168,1,loss,loss,110262.0,108094.0,118611.0,120014.0,-8349.0,-11920.0,-2168.0,1403.0,-3571.0,0,6434d82e990f930e82d22f43e42d5057a675642be80f73e313740417e206899c,dd24c998d5d0fe4040540c4bb03e50f6cacad074fa1992c2560e5420cbe2a7c0,e724746251c4f9564d520f8ef64a255140d70504d645d2d62d5a79e093a96488
20,Luca,115318067,0,win,win,206859.0,96620.0,77216.0,77333.0,129643.0,19287.0,-110239.0,117.0,-110356.0,0,6434d82e990f930e82d22f43e42d5057a675642be80f73e313740417e206899c,e30a16a98976b50bab3ee59b70e9b17118ccc51f0af588ede511a356fd5c154b,bbd26230a52710503f79bb8a909e3f6c1420dd12430cdbe047026c4f90bdf6b1
20,Luca,115318067,1,win,win,206859.0,96428.0,77216.0,77507.0,129643.0,18921.0,-110431.0,291.0,-110722.0,0,6434d82e990f930e82d22f43e42d5057a675642be80f73e313740417e206899c,e30a16a98976b50bab3ee59b70e9b17118ccc51f0af588ede511a356fd5c154b,bbd26230a52710503f79bb8a909e3f6c1420dd12430cdbe047026c4f90bdf6b1
104,Maher el Ouahabi,115319884,0,loss,loss,106410.0,116814.0,111854.0,172381.0,-5444.0,-55567.0,10404.0,60527.0,-50123.0,0,6434d82e990f930e82d22f43e42d5057a675642be80f73e313740417e206899c,cfe6c7d1f819c88b4f7005bdb5b875604a51112909a2ea6f1465f746a11abddc,755e5addd2346e2d9fda34eedeb31e3e6955e2ff82e49e254bf9b6bc8fbdee6f
104,Maher el Ouahabi,115319884,1,loss,loss,106410.0,116670.0,111854.0,172394.0,-5444.0,-55724.0,10260.0,60540.0,-50280.0,0,6434d82e990f930e82d22f43e42d5057a675642be80f73e313740417e206899c,cfe6c7d1f819c88b4f7005bdb5b875604a51112909a2ea6f1465f746a11abddc,755e5addd2346e2d9fda34eedeb31e3e6955e2ff82e49e254bf9b6bc8fbdee6f
109,coolin666,115315638,0,loss,loss,122881.0,95115.0,128043.0,95614.0,-5162.0,-499.0,-27766.0,-32429.0,4663.0,0,6434d82e990f930e82d22f43e42d5057a675642be80f73e313740417e206899c,55e3d26d895905a7936d259530ec040bcb641b52db8594a2344e90ba5ae1cd4f,8f9c7504f91b9859f5a7beb4e516e38260876dd6f90728ab79ecb7f6493717ec
109,coolin666,115315638,1,loss,loss,122881.0,95115.0,128043.0,95614.0,-5162.0,-499.0,-27766.0,-32429.0,4663.0,0,6434d82e990f930e82d22f43e42d5057a675642be80f73e313740417e206899c,55e3d26d895905a7936d259530ec040bcb641b52db8594a2344e90ba5ae1cd4f,8f9c7504f91b9859f5a7beb4e516e38260876dd6f90728ab79ecb7f6493717ec
118,Tomohiro Nagai,115302829,0,loss,win,81723.0,136280.0,94344.0,0.0,-12621.0,136280.0,54557.0,-94344.0,148901.0,1,6434d82e990f930e82d22f43e42d5057a675642be80f73e313740417e206899c,29fed0e31f49955794a1f222245531bd5d5395de26c53445f2eea2de2a97a8ed,b7df4076317cd82cae2eeffd389d3e1607c0dafef1d2591ef75c99579f08e0ae
118,Tomohiro Nagai,115302829,1,loss,win,81723.0,136280.0,94344.0,0.0,-12621.0,136280.0,54557.0,-94344.0,148901.0,1,6434d82e990f930e82d22f43e42d5057a675642be80f73e313740417e206899c,29fed0e31f49955794a1f222245531bd5d5395de26c53445f2eea2de2a97a8ed,b7df4076317cd82cae2eeffd389d3e1607c0dafef1d2591ef75c99579f08e0ae
